filename,url,tags,assetType,format,moderationStatus,publicId,assetId,displayName,deliveryType,createdAt,width,height,bytes,assetFolder,folder,context,metadata
PHOTO-2026-07-06-20-54-49_1,https://res.cloudinary.com/zjzxwgcq/image/upload/v1791022749/PHOTO-2026-07-06-20-54-49_1.jpg,[],image,jpg,,PHOTO-2026-07-06-20-54-49_1,7d4009f349b98ba2c841f43e58c20651,PHOTO-2026-07-06-20-54-49_1,upload,2026-10-03T10:19:09Z,300,300,13515,brimas-media,,{},{}
PHOTO-2026-07-06-20-54-49,https://res.cloudinary.com/zjzxwgcq/image/upload/v1791022748/PHOTO-2026-07-06-20-54-49.jpg,[],image,jpg,,PHOTO-2026-07-06-20-54-49,a463cdd9a677a9c2880909395f3d5fb7,PHOTO-2026-07-06-20-54-49,upload,2026-10-03T10:19:08Z,554,554,24102,brimas-media,,{},{}
PHOTO-2026-04-19-12-50-04_2,https://res.cloudinary.com/zjzxwgcq/image/upload/v1791022748/PHOTO-2026-04-19-12-50-04_2.jpg,[],image,jpg,,PHOTO-2026-04-19-12-50-04_2,5bfc41dd51826dcc4aff82f5bd3b3083,PHOTO-2026-04-19-12-50-04_2,upload,2026-10-03T10:19:08Z,800,800,65920,brimas-media,,{},{}
PHOTO-2026-04-19-12-50-04_1,https://res.cloudinary.com/zjzxwgcq/image/upload/v1791022747/PHOTO-2026-04-19-12-50-04_1.jpg,[],image,jpg,,PHOTO-2026-04-19-12-50-04_1,8ce4dfe66fd6fb6318ce84ae2f352040,PHOTO-2026-04-19-12-50-04_1,upload,2026-10-03T10:19:07Z,800,800,73724,brimas-media,,{},{}
PHOTO-2026-04-19-12-50-04,https://res.cloudinary.com/zjzxwgcq/image/upload/v1791022747/PHOTO-2026-04-19-12-50-04.jpg,[],image,jpg,,PHOTO-2026-04-19-12-50-04,e08258d6c26cf64dfe41275696acee9f,PHOTO-2026-04-19-12-50-04,upload,2026-10-03T10:19:07Z,800,800,26918,brimas-media,,{},{}
PHOTO-2026-04-18-11-52-33_1,https://res.cloudinary.com/zjzxwgcq/image/upload/v1791022746/PHOTO-2026-04-18-11-52-33_1.jpg,[],image,jpg,,PHOTO-2026-04-18-11-52-33_1,f1f58a52d88e1455480ef95355882f7d,PHOTO-2026-04-18-11-52-33_1,upload,2026-10-03T10:19:06Z,1200,1200,91254,brimas-media,,{},{}
PHOTO-2026-04-18-11-52-33,https://res.cloudinary.com/zjzxwgcq/image/upload/v1791022746/PHOTO-2026-04-18-11-52-33.jpg,[],image,jpg,,PHOTO-2026-04-18-11-52-33,d1ba831858a63b48fc79047fbb4aae13,PHOTO-2026-04-18-11-52-33,upload,2026-10-03T10:19:06Z,1200,1200,89983,brimas-media,,{},{}
PHOTO-2026-04-18-11-52-32,https://res.cloudinary.com/zjzxwgcq/image/upload/v1791022746/PHOTO-2026-04-18-11-52-32.jpg,[],image,jpg,,PHOTO-2026-04-18-11-52-32,0e9d044a60aaf1f261937f72df9df203,PHOTO-2026-04-18-11-52-32,upload,2026-10-03T10:19:06Z,1132,1131,65825,brimas-media,,{},{}
PHOTO-2026-04-18-11-52-31,https://res.cloudinary.com/zjzxwgcq/image/upload/v1791022745/PHOTO-2026-04-18-11-52-31.jpg,[],image,jpg,,PHOTO-2026-04-18-11-52-31,31585447bb611adf1b43b3c2ccd9ce80,PHOTO-2026-04-18-11-52-31,upload,2026-10-03T10:19:05Z,800,800,41784,brimas-media,,{},{}
PHOTO-2026-04-18-09-29-16,https://res.cloudinary.com/zjzxwgcq/image/upload/v1791022745/PHOTO-2026-04-18-09-29-16.jpg,[],image,jpg,,PHOTO-2026-04-18-09-29-16,5fe3bb176bc38fad979cb95b184c53c1,PHOTO-2026-04-18-09-29-16,upload,2026-10-03T10:19:05Z,800,800,28644,brimas-media,,{},{}
PHOTO-2026-04-18-09-17-56,https://res.cloudinary.com/zjzxwgcq/image/upload/v1791022744/PHOTO-2026-04-18-09-17-56.jpg,[],image,jpg,,PHOTO-2026-04-18-09-17-56,ea749f5ec03d10d660ccd8a7dc69c388,PHOTO-2026-04-18-09-17-56,upload,2026-10-03T10:19:04Z,1080,1080,93133,brimas-media,,{},{}
PHOTO-2026-04-17-15-45-17,https://res.cloudinary.com/zjzxwgcq/image/upload/v1791022744/PHOTO-2026-04-17-15-45-17.jpg,[],image,jpg,,PHOTO-2026-04-17-15-45-17,affe49a52bd3ae9ec6a2b1474d61e94d,PHOTO-2026-04-17-15-45-17,upload,2026-10-03T10:19:04Z,800,800,120582,brimas-media,,{},{}
PHOTO-2026-04-17-15-34-55,https://res.cloudinary.com/zjzxwgcq/image/upload/v1791022743/PHOTO-2026-04-17-15-34-55.jpg,[],image,jpg,,PHOTO-2026-04-17-15-34-55,b7cfe47c51cc277b8b7ce5889bdae715,PHOTO-2026-04-17-15-34-55,upload,2026-10-03T10:19:03Z,1200,1200,157971,brimas-media,,{},{}
PHOTO-2026-04-17-15-34-54,https://res.cloudinary.com/zjzxwgcq/image/upload/v1791022743/PHOTO-2026-04-17-15-34-54.jpg,[],image,jpg,,PHOTO-2026-04-17-15-34-54,83c6750f256cb92cdaf1da3a9f2dc4a9,PHOTO-2026-04-17-15-34-54,upload,2026-10-03T10:19:03Z,900,1200,131943,brimas-media,,{},{}
PHOTO-2026-04-17-15-08-54,https://res.cloudinary.com/zjzxwgcq/image/upload/v1791022742/PHOTO-2026-04-17-15-08-54.jpg,[],image,jpg,,PHOTO-2026-04-17-15-08-54,075a8974cbc5d2b998a5c41aa8d51506,PHOTO-2026-04-17-15-08-54,upload,2026-10-03T10:19:02Z,800,800,15856,brimas-media,,{},{}
PHOTO-2026-04-17-15-06-47,https://res.cloudinary.com/zjzxwgcq/image/upload/v1791022742/PHOTO-2026-04-17-15-06-47.jpg,[],image,jpg,,PHOTO-2026-04-17-15-06-47,2b130d83c60fe87b7f2606bef154d04e,PHOTO-2026-04-17-15-06-47,upload,2026-10-03T10:19:02Z,1000,1000,47830,brimas-media,,{},{}
PHOTO-2026-04-01-08-57-08,https://res.cloudinary.com/zjzxwgcq/image/upload/v1791022741/PHOTO-2026-04-01-08-57-08.jpg,[],image,jpg,,PHOTO-2026-04-01-08-57-08,8462d251b8a202952b7f7a381c5b10f4,PHOTO-2026-04-01-08-57-08,upload,2026-10-03T10:19:01Z,1200,1200,76450,brimas-media,,{},{}
PHOTO-2026-04-01-08-55-56,https://res.cloudinary.com/zjzxwgcq/image/upload/v1791022741/PHOTO-2026-04-01-08-55-56.jpg,[],image,jpg,,PHOTO-2026-04-01-08-55-56,c6ceee0be56e489cbb9984fd157fc4c5,PHOTO-2026-04-01-08-55-56,upload,2026-10-03T10:19:01Z,1195,771,61125,brimas-media,,{},{}
PHOTO-2026-03-25-16-10-36,https://res.cloudinary.com/zjzxwgcq/image/upload/v1791022741/PHOTO-2026-03-25-16-10-36.jpg,[],image,jpg,,PHOTO-2026-03-25-16-10-36,1a417954d05cda9cfaea7e57edc0b31d,PHOTO-2026-03-25-16-10-36,upload,2026-10-03T10:19:01Z,1200,1200,261330,brimas-media,,{},{}
PHOTO-2026-03-07-11-55-07_1,https://res.cloudinary.com/zjzxwgcq/image/upload/v1791022740/PHOTO-2026-03-07-11-55-07_1.jpg,[],image,jpg,,PHOTO-2026-03-07-11-55-07_1,10874daff03d39a4a19496aaa69c7b64,PHOTO-2026-03-07-11-55-07_1,upload,2026-10-03T10:19:00Z,1080,1080,27621,brimas-media,,{},{}
PHOTO-2026-03-07-11-55-07,https://res.cloudinary.com/zjzxwgcq/image/upload/v1791022739/PHOTO-2026-03-07-11-55-07.jpg,[],image,jpg,,PHOTO-2026-03-07-11-55-07,290e04c54a607dbfb63d79bea9d9773f,PHOTO-2026-03-07-11-55-07,upload,2026-10-03T10:18:59Z,1080,1080,29584,brimas-media,,{},{}
PHOTO-2026-03-05-18-40-55,https://res.cloudinary.com/zjzxwgcq/image/upload/v1791022739/PHOTO-2026-03-05-18-40-55.jpg,[],image,jpg,,PHOTO-2026-03-05-18-40-55,21f79fec40abdf0e21e24286caef432a,PHOTO-2026-03-05-18-40-55,upload,2026-10-03T10:18:59Z,512,582,39131,brimas-media,,{},{}
PHOTO-2026-03-05-18-40-32,https://res.cloudinary.com/zjzxwgcq/image/upload/v1791022738/PHOTO-2026-03-05-18-40-32.jpg,[],image,jpg,,PHOTO-2026-03-05-18-40-32,4a206f69c9cda74c1909b7bf36bd1c8d,PHOTO-2026-03-05-18-40-32,upload,2026-10-03T10:18:58Z,800,800,62471,brimas-media,,{},{}
PHOTO-2026-03-05-16-33-17,https://res.cloudinary.com/zjzxwgcq/image/upload/v1791022738/PHOTO-2026-03-05-16-33-17.jpg,[],image,jpg,,PHOTO-2026-03-05-16-33-17,bebfe3f431ceb750f653ed2eb84c6721,PHOTO-2026-03-05-16-33-17,upload,2026-10-03T10:18:58Z,800,800,96547,brimas-media,,{},{}
PHOTO-2026-03-05-16-29-49,https://res.cloudinary.com/zjzxwgcq/image/upload/v1791022738/PHOTO-2026-03-05-16-29-49.jpg,[],image,jpg,,PHOTO-2026-03-05-16-29-49,a8c6bbe660ab5c4314bacd5659b10309,PHOTO-2026-03-05-16-29-49,upload,2026-10-03T10:18:58Z,1280,1280,200477,brimas-media,,{},{}
PHOTO-2026-03-05-16-29-46,https://res.cloudinary.com/zjzxwgcq/image/upload/v1791022737/PHOTO-2026-03-05-16-29-46.jpg,[],image,jpg,,PHOTO-2026-03-05-16-29-46,d96455453e81ca25d205653444256896,PHOTO-2026-03-05-16-29-46,upload,2026-10-03T10:18:57Z,800,684,60244,brimas-media,,{},{}
PHOTO-2026-03-05-13-38-56,https://res.cloudinary.com/zjzxwgcq/image/upload/v1791022736/PHOTO-2026-03-05-13-38-56.jpg,[],image,jpg,,PHOTO-2026-03-05-13-38-56,e6d82f6a608eeef7cf8d07e02f2feca2,PHOTO-2026-03-05-13-38-56,upload,2026-10-03T10:18:56Z,800,800,127818,brimas-media,,{},{}
PHOTO-2026-03-01-15-36-22,https://res.cloudinary.com/zjzxwgcq/image/upload/v1791022736/PHOTO-2026-03-01-15-36-22.jpg,[],image,jpg,,PHOTO-2026-03-01-15-36-22,86d12fedd1a239f95a7532ac42232947,PHOTO-2026-03-01-15-36-22,upload,2026-10-03T10:18:56Z,1080,810,98946,brimas-media,,{},{}
PHOTO-2026-03-01-13-18-33,https://res.cloudinary.com/zjzxwgcq/image/upload/v1791022735/PHOTO-2026-03-01-13-18-33.jpg,[],image,jpg,,PHOTO-2026-03-01-13-18-33,bc43f7cbd75128bee5b4b07acb11929f,PHOTO-2026-03-01-13-18-33,upload,2026-10-03T10:18:55Z,800,800,67532,brimas-media,,{},{}
PHOTO-2026-03-01-10-50-13,https://res.cloudinary.com/zjzxwgcq/image/upload/v1791022735/PHOTO-2026-03-01-10-50-13.jpg,[],image,jpg,,PHOTO-2026-03-01-10-50-13,38c6a32b7a6fb10fffc9b1b9f45ac953,PHOTO-2026-03-01-10-50-13,upload,2026-10-03T10:18:55Z,800,800,63393,brimas-media,,{},{}
PHOTO-2026-02-27-15-36-46,https://res.cloudinary.com/zjzxwgcq/image/upload/v1791022734/PHOTO-2026-02-27-15-36-46.jpg,[],image,jpg,,PHOTO-2026-02-27-15-36-46,8a729bccd1f8e42aa67f2b049b4a3ed3,PHOTO-2026-02-27-15-36-46,upload,2026-10-03T10:18:54Z,800,800,71802,brimas-media,,{},{}
PHOTO-2026-01-31-14-15-42,https://res.cloudinary.com/zjzxwgcq/image/upload/v1791022734/PHOTO-2026-01-31-14-15-42.jpg,[],image,jpg,,PHOTO-2026-01-31-14-15-42,f6f3d013abb95e2586960994c0d99ae8,PHOTO-2026-01-31-14-15-42,upload,2026-10-03T10:18:54Z,1080,1080,71910,brimas-media,,{},{}
PHOTO-2026-01-31-06-00-55,https://res.cloudinary.com/zjzxwgcq/image/upload/v1791022734/PHOTO-2026-01-31-06-00-55.jpg,[],image,jpg,,PHOTO-2026-01-31-06-00-55,5bde9ce7a80e90a1b581aebce5048b17,PHOTO-2026-01-31-06-00-55,upload,2026-10-03T10:18:54Z,800,800,77469,brimas-media,,{},{}
PHOTO-2026-01-31-05-55-01,https://res.cloudinary.com/zjzxwgcq/image/upload/v1791022733/PHOTO-2026-01-31-05-55-01.jpg,[],image,jpg,,PHOTO-2026-01-31-05-55-01,8fe2759b45e65a0a2fa04ac73e594f65,PHOTO-2026-01-31-05-55-01,upload,2026-10-03T10:18:53Z,800,800,17765,brimas-media,,{},{}
PHOTO-2026-01-31-05-52-45,https://res.cloudinary.com/zjzxwgcq/image/upload/v1791022732/PHOTO-2026-01-31-05-52-45.jpg,[],image,jpg,,PHOTO-2026-01-31-05-52-45,3a70bf9903662fc08a6946aeb67017cf,PHOTO-2026-01-31-05-52-45,upload,2026-10-03T10:18:52Z,800,800,64406,brimas-media,,{},{}
PHOTO-2026-01-31-05-50-51,https://res.cloudinary.com/zjzxwgcq/image/upload/v1791022732/PHOTO-2026-01-31-05-50-51.jpg,[],image,jpg,,PHOTO-2026-01-31-05-50-51,98bda3f7560f81989f9f39edd2be8b19,PHOTO-2026-01-31-05-50-51,upload,2026-10-03T10:18:52Z,800,800,73838,brimas-media,,{},{}
PHOTO-2026-01-31-05-40-32,https://res.cloudinary.com/zjzxwgcq/image/upload/v1791022731/PHOTO-2026-01-31-05-40-32.jpg,[],image,jpg,,PHOTO-2026-01-31-05-40-32,67dfd6a369e1a7965399131c0f6e7a8b,PHOTO-2026-01-31-05-40-32,upload,2026-10-03T10:18:51Z,768,618,110323,brimas-media,,{},{}
PHOTO-2026-01-19-15-54-59,https://res.cloudinary.com/zjzxwgcq/image/upload/v1791022731/PHOTO-2026-01-19-15-54-59.jpg,[],image,jpg,,PHOTO-2026-01-19-15-54-59,655109b4f9f23bae6856c3ad23443b6f,PHOTO-2026-01-19-15-54-59,upload,2026-10-03T10:18:51Z,1080,1080,112556,brimas-media,,{},{}
PHOTO-2026-01-19-15-54-02,https://res.cloudinary.com/zjzxwgcq/image/upload/v1791022730/PHOTO-2026-01-19-15-54-02.jpg,[],image,jpg,,PHOTO-2026-01-19-15-54-02,9237c7f57e757c64746b685674065a48,PHOTO-2026-01-19-15-54-02,upload,2026-10-03T10:18:50Z,1000,1000,61342,brimas-media,,{},{}
PHOTO-2026-01-19-15-53-34,https://res.cloudinary.com/zjzxwgcq/image/upload/v1791022730/PHOTO-2026-01-19-15-53-34.jpg,[],image,jpg,,PHOTO-2026-01-19-15-53-34,6ac956632295fa416478ca34443959c7,PHOTO-2026-01-19-15-53-34,upload,2026-10-03T10:18:50Z,800,800,61175,brimas-media,,{},{}
PHOTO-2026-01-11-06-02-57_1,https://res.cloudinary.com/zjzxwgcq/image/upload/v1791022729/PHOTO-2026-01-11-06-02-57_1.jpg,[],image,jpg,,PHOTO-2026-01-11-06-02-57_1,4d26648f81e804887610ca3467a8626a,PHOTO-2026-01-11-06-02-57_1,upload,2026-10-03T10:18:49Z,1080,946,113314,brimas-media,,{},{}
PHOTO-2026-01-11-06-02-57,https://res.cloudinary.com/zjzxwgcq/image/upload/v1791022729/PHOTO-2026-01-11-06-02-57.jpg,[],image,jpg,,PHOTO-2026-01-11-06-02-57,3bf866ba3fd3d3b96490104f1e78618d,PHOTO-2026-01-11-06-02-57,upload,2026-10-03T10:18:49Z,1080,1003,105160,brimas-media,,{},{}
PHOTO-2026-01-11-01-24-58,https://res.cloudinary.com/zjzxwgcq/image/upload/v1791022728/PHOTO-2026-01-11-01-24-58.jpg,[],image,jpg,,PHOTO-2026-01-11-01-24-58,057e6815f076462729eab8e39626b690,PHOTO-2026-01-11-01-24-58,upload,2026-10-03T10:18:48Z,580,580,25712,brimas-media,,{},{}
PHOTO-2025-12-30-15-50-12_1,https://res.cloudinary.com/zjzxwgcq/image/upload/v1791022728/PHOTO-2025-12-30-15-50-12_1.jpg,[],image,jpg,,PHOTO-2025-12-30-15-50-12_1,25b8968500e8ecd87302860949904bf6,PHOTO-2025-12-30-15-50-12_1,upload,2026-10-03T10:18:48Z,1080,1080,73869,brimas-media,,{},{}
PHOTO-2025-12-30-15-50-12,https://res.cloudinary.com/zjzxwgcq/image/upload/v1791022728/PHOTO-2025-12-30-15-50-12.jpg,[],image,jpg,,PHOTO-2025-12-30-15-50-12,a74a482708571bef8af3c2c31fa0f8cf,PHOTO-2025-12-30-15-50-12,upload,2026-10-03T10:18:48Z,498,1080,23230,brimas-media,,{},{}
PHOTO-2026-08-21-14-56-30,https://res.cloudinary.com/zjzxwgcq/image/upload/v1791022727/PHOTO-2026-08-21-14-56-30.jpg,[],image,jpg,,PHOTO-2026-08-21-14-56-30,88f26ab2f79b173cc2488943bd72a1e5,PHOTO-2026-08-21-14-56-30,upload,2026-10-03T10:18:47Z,1200,1200,236852,brimas-media,,{},{}
PHOTO-2026-08-15-14-25-21,https://res.cloudinary.com/zjzxwgcq/image/upload/v1791022726/PHOTO-2026-08-15-14-25-21.jpg,[],image,jpg,,PHOTO-2026-08-15-14-25-21,8a921218049ca05b24009a8d43c320e9,PHOTO-2026-08-15-14-25-21,upload,2026-10-03T10:18:46Z,800,800,117082,brimas-media,,{},{}
PHOTO-2026-07-22-11-46-14_1,https://res.cloudinary.com/zjzxwgcq/image/upload/v1791022726/PHOTO-2026-07-22-11-46-14_1.jpg,[],image,jpg,,PHOTO-2026-07-22-11-46-14_1,8e64bbfba9a5046aaa63d0507815ce4d,PHOTO-2026-07-22-11-46-14_1,upload,2026-10-03T10:18:46Z,800,800,34357,brimas-media,,{},{}
PHOTO-2026-07-22-11-46-14,https://res.cloudinary.com/zjzxwgcq/image/upload/v1791022726/PHOTO-2026-07-22-11-46-14.jpg,[],image,jpg,,PHOTO-2026-07-22-11-46-14,80b8eeab98c994d00d550ade1f906b16,PHOTO-2026-07-22-11-46-14,upload,2026-10-03T10:18:46Z,800,800,54502,brimas-media,,{},{}
PHOTO-2026-07-22-11-46-13,https://res.cloudinary.com/zjzxwgcq/image/upload/v1791022725/PHOTO-2026-07-22-11-46-13.jpg,[],image,jpg,,PHOTO-2026-07-22-11-46-13,15b2350b1477906656f557fe3a81190a,PHOTO-2026-07-22-11-46-13,upload,2026-10-03T10:18:45Z,800,800,30852,brimas-media,,{},{}
PHOTO-2026-07-22-11-42-48,https://res.cloudinary.com/zjzxwgcq/image/upload/v1791022724/PHOTO-2026-07-22-11-42-48.jpg,[],image,jpg,,PHOTO-2026-07-22-11-42-48,6eb125b340a6e5b49b6d0ad3d31e7e23,PHOTO-2026-07-22-11-42-48,upload,2026-10-03T10:18:44Z,800,800,51178,brimas-media,,{},{}
PHOTO-2026-07-22-11-42-47,https://res.cloudinary.com/zjzxwgcq/image/upload/v1791022724/PHOTO-2026-07-22-11-42-47.jpg,[],image,jpg,,PHOTO-2026-07-22-11-42-47,9d837fc74b3d00ccec7fde9906db6013,PHOTO-2026-07-22-11-42-47,upload,2026-10-03T10:18:44Z,800,800,43380,brimas-media,,{},{}
PHOTO-2026-07-22-11-42-29,https://res.cloudinary.com/zjzxwgcq/image/upload/v1791022723/PHOTO-2026-07-22-11-42-29.jpg,[],image,jpg,,PHOTO-2026-07-22-11-42-29,bfe6b813807f5dc9ec399df80f331477,PHOTO-2026-07-22-11-42-29,upload,2026-10-03T10:18:43Z,800,800,44919,brimas-media,,{},{}
PHOTO-2026-07-06-20-54-49_5,https://res.cloudinary.com/zjzxwgcq/image/upload/v1791022723/PHOTO-2026-07-06-20-54-49_5.jpg,[],image,jpg,,PHOTO-2026-07-06-20-54-49_5,a9a59f5cd31ba41999abe766a81f13fd,PHOTO-2026-07-06-20-54-49_5,upload,2026-10-03T10:18:43Z,1080,1080,73457,brimas-media,,{},{}
PHOTO-2026-07-06-20-54-49_4,https://res.cloudinary.com/zjzxwgcq/image/upload/v1791022723/PHOTO-2026-07-06-20-54-49_4.jpg,[],image,jpg,,PHOTO-2026-07-06-20-54-49_4,f7d9ccf3e527ae3bcc6fc31d916ec3a8,PHOTO-2026-07-06-20-54-49_4,upload,2026-10-03T10:18:43Z,1080,1080,73457,brimas-media,,{},{}
PHOTO-2026-07-06-20-54-49_3,https://res.cloudinary.com/zjzxwgcq/image/upload/v1791022722/PHOTO-2026-07-06-20-54-49_3.jpg,[],image,jpg,,PHOTO-2026-07-06-20-54-49_3,19c356324e5720906e00fa5daeef84e6,PHOTO-2026-07-06-20-54-49_3,upload,2026-10-03T10:18:42Z,554,554,19440,brimas-media,,{},{}
PHOTO-2026-07-06-20-54-49_2,https://res.cloudinary.com/zjzxwgcq/image/upload/v1791022722/PHOTO-2026-07-06-20-54-49_2.jpg,[],image,jpg,,PHOTO-2026-07-06-20-54-49_2,12dc7ad4b4696fb0873031572ff44bed,PHOTO-2026-07-06-20-54-49_2,upload,2026-10-03T10:18:42Z,554,554,23211,brimas-media,,{},{}
PHOTO-2023-08-14-15-03-48,https://res.cloudinary.com/zjzxwgcq/image/upload/v1791022708/PHOTO-2023-08-14-15-03-48.jpg,[],image,jpg,,PHOTO-2023-08-14-15-03-48,e4aee61a4254d82487b86bae719d7388,PHOTO-2023-08-14-15-03-48,upload,2026-10-03T10:18:28Z,800,800,50792,brimas-media,,{},{}
PHOTO-2023-07-11-15-42-02,https://res.cloudinary.com/zjzxwgcq/image/upload/v1791022707/PHOTO-2023-07-11-15-42-02.jpg,[],image,jpg,,PHOTO-2023-07-11-15-42-02,f5e24f945755c31a97da8c02dca3886a,PHOTO-2023-07-11-15-42-02,upload,2026-10-03T10:18:27Z,780,1040,39324,brimas-media,,{},{}
PHOTO-2023-07-11-15-42-01,https://res.cloudinary.com/zjzxwgcq/image/upload/v1791022707/PHOTO-2023-07-11-15-42-01.jpg,[],image,jpg,,PHOTO-2023-07-11-15-42-01,3483686d78d4747bc223e9ad596165c0,PHOTO-2023-07-11-15-42-01,upload,2026-10-03T10:18:27Z,1080,1080,112303,brimas-media,,{},{}
PHOTO-2023-07-11-15-41-59,https://res.cloudinary.com/zjzxwgcq/image/upload/v1791022706/PHOTO-2023-07-11-15-41-59.jpg,[],image,jpg,,PHOTO-2023-07-11-15-41-59,13b9ca963bfc8247dfb09d90a45b3abf,PHOTO-2023-07-11-15-41-59,upload,2026-10-03T10:18:26Z,540,960,34934,brimas-media,,{},{}
PHOTO-2023-07-11-15-41-57_1,https://res.cloudinary.com/zjzxwgcq/image/upload/v1791022706/PHOTO-2023-07-11-15-41-57_1.jpg,[],image,jpg,,PHOTO-2023-07-11-15-41-57_1,94869c639a1c38ed84ba16235db67fc5,PHOTO-2023-07-11-15-41-57_1,upload,2026-10-03T10:18:26Z,720,1280,118255,brimas-media,,{},{}
PHOTO-2023-06-08-13-23-19,https://res.cloudinary.com/zjzxwgcq/image/upload/v1791022706/PHOTO-2023-06-08-13-23-19.jpg,[],image,jpg,,PHOTO-2023-06-08-13-23-19,f92d32aa7a8393e98559802b95b6a49d,PHOTO-2023-06-08-13-23-19,upload,2026-10-03T10:18:26Z,1119,861,166034,brimas-media,,{},{}
PHOTO-2023-07-11-15-41-57,https://res.cloudinary.com/zjzxwgcq/image/upload/v1791022706/PHOTO-2023-07-11-15-41-57.jpg,[],image,jpg,,PHOTO-2023-07-11-15-41-57,6f4f1b8f5cc0c6a4bf272dd06cabb376,PHOTO-2023-07-11-15-41-57,upload,2026-10-03T10:18:26Z,1020,1080,42542,brimas-media,,{},{}
PHOTO-2023-05-31-13-41-26,https://res.cloudinary.com/zjzxwgcq/image/upload/v1791022705/PHOTO-2023-05-31-13-41-26.jpg,[],image,jpg,,PHOTO-2023-05-31-13-41-26,5ecb9fa1380f2355fc151657b44573f4,PHOTO-2023-05-31-13-41-26,upload,2026-10-03T10:18:25Z,854,761,141026,brimas-media,,{},{}
PHOTO-2023-05-26-11-05-56,https://res.cloudinary.com/zjzxwgcq/image/upload/v1791022705/PHOTO-2023-05-26-11-05-56.jpg,[],image,jpg,,PHOTO-2023-05-26-11-05-56,95a57caed014a811a525ff3c2fb30704,PHOTO-2023-05-26-11-05-56,upload,2026-10-03T10:18:25Z,1171,805,82051,brimas-media,,{},{}
PHOTO-2023-05-26-11-05-54,https://res.cloudinary.com/zjzxwgcq/image/upload/v1791022705/PHOTO-2023-05-26-11-05-54.jpg,[],image,jpg,,PHOTO-2023-05-26-11-05-54,deb3213a68ae805364c0d5b02e12a7e1,PHOTO-2023-05-26-11-05-54,upload,2026-10-03T10:18:25Z,1203,839,86961,brimas-media,,{},{}
PHOTO-2023-05-05-13-25-21,https://res.cloudinary.com/zjzxwgcq/image/upload/v1791022704/PHOTO-2023-05-05-13-25-21.jpg,[],image,jpg,,PHOTO-2023-05-05-13-25-21,4c3121571526f993134391dd71b5e74a,PHOTO-2023-05-05-13-25-21,upload,2026-10-03T10:18:24Z,960,960,174978,brimas-media,,{},{}
PHOTO-2023-03-20-16-58-58,https://res.cloudinary.com/zjzxwgcq/image/upload/v1791022704/PHOTO-2023-03-20-16-58-58.jpg,[],image,jpg,,PHOTO-2023-03-20-16-58-58,f0a3cf80753a07e9ed8ef4c081c9a780,PHOTO-2023-03-20-16-58-58,upload,2026-10-03T10:18:24Z,992,744,70648,brimas-media,,{},{}
PHOTO-2023-01-30-15-40-24,https://res.cloudinary.com/zjzxwgcq/image/upload/v1791022703/PHOTO-2023-01-30-15-40-24.jpg,[],image,jpg,,PHOTO-2023-01-30-15-40-24,0c61b0d24f1fb45db3a1e7fc5d54d0af,PHOTO-2023-01-30-15-40-24,upload,2026-10-03T10:18:23Z,707,792,133359,brimas-media,,{},{}
PHOTO-2023-01-30-15-18-27,https://res.cloudinary.com/zjzxwgcq/image/upload/v1791022703/PHOTO-2023-01-30-15-18-27.jpg,[],image,jpg,,PHOTO-2023-01-30-15-18-27,99efbe529eccf58d00a64c29fda56190,PHOTO-2023-01-30-15-18-27,upload,2026-10-03T10:18:23Z,976,834,68288,brimas-media,,{},{}
PHOTO-2023-01-30-15-02-41,https://res.cloudinary.com/zjzxwgcq/image/upload/v1791022702/PHOTO-2023-01-30-15-02-41.jpg,[],image,jpg,,PHOTO-2023-01-30-15-02-41,2e1389652fb2b16465f82c00468f1ddb,PHOTO-2023-01-30-15-02-41,upload,2026-10-03T10:18:22Z,490,828,36107,brimas-media,,{},{}
PHOTO-2022-05-17-13-04-28_2,https://res.cloudinary.com/zjzxwgcq/image/upload/v1791022702/PHOTO-2022-05-17-13-04-28_2.jpg,[],image,jpg,,PHOTO-2022-05-17-13-04-28_2,cf1d6b8d158235fbc16e039f6e8cad9d,PHOTO-2022-05-17-13-04-28_2,upload,2026-10-03T10:18:22Z,720,1080,40264,brimas-media,,{},{}
PHOTO-2022-05-17-13-04-28_1,https://res.cloudinary.com/zjzxwgcq/image/upload/v1791022702/PHOTO-2022-05-17-13-04-28_1.jpg,[],image,jpg,,PHOTO-2022-05-17-13-04-28_1,111caecb0fa4c765cbf86e90f497b941,PHOTO-2022-05-17-13-04-28_1,upload,2026-10-03T10:18:22Z,719,1080,43224,brimas-media,,{},{}
PHOTO-2022-05-17-13-04-28,https://res.cloudinary.com/zjzxwgcq/image/upload/v1791022701/PHOTO-2022-05-17-13-04-28.jpg,[],image,jpg,,PHOTO-2022-05-17-13-04-28,9d55af556c751eb0e685c858b58048b5,PHOTO-2022-05-17-13-04-28,upload,2026-10-03T10:18:21Z,720,1080,33665,brimas-media,,{},{}
PHOTO-2022-04-26-14-45-31_14,https://res.cloudinary.com/zjzxwgcq/image/upload/v1791022701/PHOTO-2022-04-26-14-45-31_14.jpg,[],image,jpg,,PHOTO-2022-04-26-14-45-31_14,e9c374e406ef4b65cbdebf48d3207afa,PHOTO-2022-04-26-14-45-31_14,upload,2026-10-03T10:18:21Z,768,1024,70431,brimas-media,,{},{}
PHOTO-2022-04-26-14-45-31_13,https://res.cloudinary.com/zjzxwgcq/image/upload/v1791022700/PHOTO-2022-04-26-14-45-31_13.jpg,[],image,jpg,,PHOTO-2022-04-26-14-45-31_13,a6e88c9a40eaa1cae913fa77c6726f47,PHOTO-2022-04-26-14-45-31_13,upload,2026-10-03T10:18:20Z,575,1024,45651,brimas-media,,{},{}
PHOTO-2022-04-26-14-45-31_12,https://res.cloudinary.com/zjzxwgcq/image/upload/v1791022700/PHOTO-2022-04-26-14-45-31_12.jpg,[],image,jpg,,PHOTO-2022-04-26-14-45-31_12,62f10a31d01cd1662412bc0e7d8de401,PHOTO-2022-04-26-14-45-31_12,upload,2026-10-03T10:18:20Z,768,1024,101093,brimas-media,,{},{}
PHOTO-2022-04-26-14-45-31_11,https://res.cloudinary.com/zjzxwgcq/image/upload/v1791022700/PHOTO-2022-04-26-14-45-31_11.jpg,[],image,jpg,,PHOTO-2022-04-26-14-45-31_11,4268099f66a6ddbd619b4fdad9930bad,PHOTO-2022-04-26-14-45-31_11,upload,2026-10-03T10:18:20Z,768,1024,75110,brimas-media,,{},{}
PHOTO-2022-04-26-14-45-31_10,https://res.cloudinary.com/zjzxwgcq/image/upload/v1791022699/PHOTO-2022-04-26-14-45-31_10.jpg,[],image,jpg,,PHOTO-2022-04-26-14-45-31_10,32dd84127220cdf18219b22a469ae23d,PHOTO-2022-04-26-14-45-31_10,upload,2026-10-03T10:18:19Z,512,1024,77833,brimas-media,,{},{}
PHOTO-2022-04-26-14-45-31_9,https://res.cloudinary.com/zjzxwgcq/image/upload/v1791022699/PHOTO-2022-04-26-14-45-31_9.jpg,[],image,jpg,,PHOTO-2022-04-26-14-45-31_9,1e2eb96cfde841d4ac3402ca0ff6de2e,PHOTO-2022-04-26-14-45-31_9,upload,2026-10-03T10:18:19Z,1024,770,90328,brimas-media,,{},{}
PHOTO-2022-04-26-14-45-31_6,https://res.cloudinary.com/zjzxwgcq/image/upload/v1791022699/PHOTO-2022-04-26-14-45-31_6.jpg,[],image,jpg,,PHOTO-2022-04-26-14-45-31_6,63466c1902c88c87262ba17bfd097aac,PHOTO-2022-04-26-14-45-31_6,upload,2026-10-03T10:18:19Z,800,800,41847,brimas-media,,{},{}
PHOTO-2022-04-26-14-45-31_8,https://res.cloudinary.com/zjzxwgcq/image/upload/v1791022698/PHOTO-2022-04-26-14-45-31_8.jpg,[],image,jpg,,PHOTO-2022-04-26-14-45-31_8,cd2acfea9bf66679e2123b75b79d4c5e,PHOTO-2022-04-26-14-45-31_8,upload,2026-10-03T10:18:18Z,512,1024,48656,brimas-media,,{},{}
PHOTO-2022-04-26-14-45-31_7,https://res.cloudinary.com/zjzxwgcq/image/upload/v1791022698/PHOTO-2022-04-26-14-45-31_7.jpg,[],image,jpg,,PHOTO-2022-04-26-14-45-31_7,a58f848b31a744230674b8f2c2fba97e,PHOTO-2022-04-26-14-45-31_7,upload,2026-10-03T10:18:18Z,576,1024,48605,brimas-media,,{},{}
PHOTO-2022-04-26-14-45-31_5,https://res.cloudinary.com/zjzxwgcq/image/upload/v1791022698/PHOTO-2022-04-26-14-45-31_5.jpg,[],image,jpg,,PHOTO-2022-04-26-14-45-31_5,21e02b9e7d4882e8a9c74d76d5f41b74,PHOTO-2022-04-26-14-45-31_5,upload,2026-10-03T10:18:18Z,450,800,31119,brimas-media,,{},{}
PHOTO-2022-04-26-14-45-31_4,https://res.cloudinary.com/zjzxwgcq/image/upload/v1791022697/PHOTO-2022-04-26-14-45-31_4.jpg,[],image,jpg,,PHOTO-2022-04-26-14-45-31_4,c7add18f4d399d297b34c16893f7f76e,PHOTO-2022-04-26-14-45-31_4,upload,2026-10-03T10:18:17Z,760,760,27285,brimas-media,,{},{}
PHOTO-2022-04-26-14-45-31_3,https://res.cloudinary.com/zjzxwgcq/image/upload/v1791022697/PHOTO-2022-04-26-14-45-31_3.jpg,[],image,jpg,,PHOTO-2022-04-26-14-45-31_3,2326ed9af1455d6b58e9a0e5a5d9e6e4,PHOTO-2022-04-26-14-45-31_3,upload,2026-10-03T10:18:17Z,800,600,41746,brimas-media,,{},{}
PHOTO-2022-04-26-14-45-31_2,https://res.cloudinary.com/zjzxwgcq/image/upload/v1791022696/PHOTO-2022-04-26-14-45-31_2.jpg,[],image,jpg,,PHOTO-2022-04-26-14-45-31_2,26e9acff3bbc2ee30fac160aeff17cd6,PHOTO-2022-04-26-14-45-31_2,upload,2026-10-03T10:18:16Z,512,1024,48656,brimas-media,,{},{}
PHOTO-2022-04-26-14-45-31_1,https://res.cloudinary.com/zjzxwgcq/image/upload/v1791022696/PHOTO-2022-04-26-14-45-31_1.jpg,[],image,jpg,,PHOTO-2022-04-26-14-45-31_1,bf36d77c28fe8967e74de97d6bb1befe,PHOTO-2022-04-26-14-45-31_1,upload,2026-10-03T10:18:16Z,744,992,54014,brimas-media,,{},{}
PHOTO-2022-04-26-14-45-31,https://res.cloudinary.com/zjzxwgcq/image/upload/v1791022695/PHOTO-2022-04-26-14-45-31.jpg,[],image,jpg,,PHOTO-2022-04-26-14-45-31,6ba9ce19da73f0aabdb34ba9f433ae97,PHOTO-2022-04-26-14-45-31,upload,2026-10-03T10:18:15Z,576,1024,63083,brimas-media,,{},{}
PHOTO-2021-12-15-12-10-58,https://res.cloudinary.com/zjzxwgcq/image/upload/v1791022695/PHOTO-2021-12-15-12-10-58.jpg,[],image,jpg,,PHOTO-2021-12-15-12-10-58,b3df8bcf0b700ab652e1db48b1aacc18,PHOTO-2021-12-15-12-10-58,upload,2026-10-03T10:18:15Z,1080,499,71153,brimas-media,,{},{}
PHOTO-2021-12-15-12-05-18,https://res.cloudinary.com/zjzxwgcq/image/upload/v1791022695/PHOTO-2021-12-15-12-05-18.jpg,[],image,jpg,,PHOTO-2021-12-15-12-05-18,a3e19ce482e859bff6e2489df699ae6f,PHOTO-2021-12-15-12-05-18,upload,2026-10-03T10:18:15Z,1080,513,78100,brimas-media,,{},{}
PHOTO-2021-11-25-17-16-20,https://res.cloudinary.com/zjzxwgcq/image/upload/v1791022694/PHOTO-2021-11-25-17-16-20.jpg,[],image,jpg,,PHOTO-2021-11-25-17-16-20,7e77d0151bb5846f69f995aea41f3f77,PHOTO-2021-11-25-17-16-20,upload,2026-10-03T10:18:14Z,943,776,122012,brimas-media,,{},{}
PHOTO-2021-11-23-13-21-13,https://res.cloudinary.com/zjzxwgcq/image/upload/v1791022694/PHOTO-2021-11-23-13-21-13.jpg,[],image,jpg,,PHOTO-2021-11-23-13-21-13,199ae23bf674f73d9bdedd2e54c09888,PHOTO-2021-11-23-13-21-13,upload,2026-10-03T10:18:14Z,745,887,42356,brimas-media,,{},{}
PHOTO-2021-11-23-12-21-30,https://res.cloudinary.com/zjzxwgcq/image/upload/v1791022694/PHOTO-2021-11-23-12-21-30.jpg,[],image,jpg,,PHOTO-2021-11-23-12-21-30,73be31a059b10650d82d008fe0540a38,PHOTO-2021-11-23-12-21-30,upload,2026-10-03T10:18:14Z,1080,682,42171,brimas-media,,{},{}
PHOTO-2021-11-23-12-17-04,https://res.cloudinary.com/zjzxwgcq/image/upload/v1791022693/PHOTO-2021-11-23-12-17-04.jpg,[],image,jpg,,PHOTO-2021-11-23-12-17-04,5c2342a3e219e77e774483aaa016539c,PHOTO-2021-11-23-12-17-04,upload,2026-10-03T10:18:13Z,645,787,24163,brimas-media,,{},{}
PHOTO-2021-11-23-11-23-58,https://res.cloudinary.com/zjzxwgcq/image/upload/v1791022693/PHOTO-2021-11-23-11-23-58.jpg,[],image,jpg,,PHOTO-2021-11-23-11-23-58,14ee1554dea95653aea0193bf53a9925,PHOTO-2021-11-23-11-23-58,upload,2026-10-03T10:18:13Z,729,878,33553,brimas-media,,{},{}
PHOTO-2021-11-23-09-27-26,https://res.cloudinary.com/zjzxwgcq/image/upload/v1791022692/PHOTO-2021-11-23-09-27-26.jpg,[],image,jpg,,PHOTO-2021-11-23-09-27-26,f2738525e696834f0c0707d3c333df65,PHOTO-2021-11-23-09-27-26,upload,2026-10-03T10:18:12Z,750,884,80921,brimas-media,,{},{}
PHOTO-2021-11-23-09-27-25,https://res.cloudinary.com/zjzxwgcq/image/upload/v1791022692/PHOTO-2021-11-23-09-27-25.jpg,[],image,jpg,,PHOTO-2021-11-23-09-27-25,a6560a217ca05c39244e7a34e459c1d4,PHOTO-2021-11-23-09-27-25,upload,2026-10-03T10:18:12Z,735,878,79777,brimas-media,,{},{}
PHOTO-2021-11-13-12-25-28,https://res.cloudinary.com/zjzxwgcq/image/upload/v1791022692/PHOTO-2021-11-13-12-25-28.jpg,[],image,jpg,,PHOTO-2021-11-13-12-25-28,685aafcdeb11d428841faf2ef099fd8a,PHOTO-2021-11-13-12-25-28,upload,2026-10-03T10:18:12Z,938,893,87974,brimas-media,,{},{}
PHOTO-2021-11-13-11-54-51,https://res.cloudinary.com/zjzxwgcq/image/upload/v1791022691/PHOTO-2021-11-13-11-54-51.jpg,[],image,jpg,,PHOTO-2021-11-13-11-54-51,7948d875680df0c876675ac3bd75867f,PHOTO-2021-11-13-11-54-51,upload,2026-10-03T10:18:11Z,1000,1000,68341,brimas-media,,{},{}
PHOTO-2021-09-23-11-45-43,https://res.cloudinary.com/zjzxwgcq/image/upload/v1791022691/PHOTO-2021-09-23-11-45-43.jpg,[],image,jpg,,PHOTO-2021-09-23-11-45-43,33ac638992876bed7396ef1e7390a389,PHOTO-2021-09-23-11-45-43,upload,2026-10-03T10:18:11Z,1079,1079,231503,brimas-media,,{},{}
PHOTO-2021-11-13-11-09-57,https://res.cloudinary.com/zjzxwgcq/image/upload/v1791022691/PHOTO-2021-11-13-11-09-57.jpg,[],image,jpg,,PHOTO-2021-11-13-11-09-57,d80f963b4b88824af2dcdade7aab4f66,PHOTO-2021-11-13-11-09-57,upload,2026-10-03T10:18:11Z,805,812,77929,brimas-media,,{},{}
PHOTO-2021-11-13-10-37-13,https://res.cloudinary.com/zjzxwgcq/image/upload/v1791022690/PHOTO-2021-11-13-10-37-13.jpg,[],image,jpg,,PHOTO-2021-11-13-10-37-13,adc05e6f67e14d9834486c51d13999d3,PHOTO-2021-11-13-10-37-13,upload,2026-10-03T10:18:10Z,800,800,41610,brimas-media,,{},{}
PHOTO-2021-10-08-12-15-44,https://res.cloudinary.com/zjzxwgcq/image/upload/v1791022690/PHOTO-2021-10-08-12-15-44.jpg,[],image,jpg,,PHOTO-2021-10-08-12-15-44,805ff76dd904b25013b73ed19622edb0,PHOTO-2021-10-08-12-15-44,upload,2026-10-03T10:18:10Z,800,800,48021,brimas-media,,{},{}
PHOTO-2021-09-22-16-38-12,https://res.cloudinary.com/zjzxwgcq/image/upload/v1791022689/PHOTO-2021-09-22-16-38-12.jpg,[],image,jpg,,PHOTO-2021-09-22-16-38-12,0641b3cf41fbcdbf17e1ed10ac696b02,PHOTO-2021-09-22-16-38-12,upload,2026-10-03T10:18:09Z,729,882,128082,brimas-media,,{},{}
PHOTO-2021-09-22-10-13-32,https://res.cloudinary.com/zjzxwgcq/image/upload/v1791022689/PHOTO-2021-09-22-10-13-32.jpg,[],image,jpg,,PHOTO-2021-09-22-10-13-32,7ec0ef77a3183ab87799cf2db20aae1d,PHOTO-2021-09-22-10-13-32,upload,2026-10-03T10:18:09Z,800,800,89867,brimas-media,,{},{}
PHOTO-2021-09-07-14-07-08_2,https://res.cloudinary.com/zjzxwgcq/image/upload/v1791022689/PHOTO-2021-09-07-14-07-08_2.jpg,[],image,jpg,,PHOTO-2021-09-07-14-07-08_2,9137046ad42e70152cf29643fa15915f,PHOTO-2021-09-07-14-07-08_2,upload,2026-10-03T10:18:09Z,1000,1000,135901,brimas-media,,{},{}
PHOTO-2021-09-07-14-07-08_1,https://res.cloudinary.com/zjzxwgcq/image/upload/v1791022688/PHOTO-2021-09-07-14-07-08_1.jpg,[],image,jpg,,PHOTO-2021-09-07-14-07-08_1,5da763c08846d49ab73a1652613f2b8c,PHOTO-2021-09-07-14-07-08_1,upload,2026-10-03T10:18:08Z,1000,1000,100568,brimas-media,,{},{}
PHOTO-2021-09-07-14-07-08,https://res.cloudinary.com/zjzxwgcq/image/upload/v1791022688/PHOTO-2021-09-07-14-07-08.jpg,[],image,jpg,,PHOTO-2021-09-07-14-07-08,fc600c45101a8b41661bdeb7593f0f67,PHOTO-2021-09-07-14-07-08,upload,2026-10-03T10:18:08Z,1000,1000,89135,brimas-media,,{},{}
PHOTO-2021-08-20-14-24-01_2,https://res.cloudinary.com/zjzxwgcq/image/upload/v1791022688/PHOTO-2021-08-20-14-24-01_2.jpg,[],image,jpg,,PHOTO-2021-08-20-14-24-01_2,9bf1d9cb4e15b0fa502770dbaf3756f3,PHOTO-2021-08-20-14-24-01_2,upload,2026-10-03T10:18:08Z,810,1080,87872,brimas-media,,{},{}
PHOTO-2021-08-20-14-24-01_1,https://res.cloudinary.com/zjzxwgcq/image/upload/v1791022687/PHOTO-2021-08-20-14-24-01_1.jpg,[],image,jpg,,PHOTO-2021-08-20-14-24-01_1,adee443e6144937f59c3cc13c2b1f58e,PHOTO-2021-08-20-14-24-01_1,upload,2026-10-03T10:18:07Z,810,1080,90752,brimas-media,,{},{}
PHOTO-2021-08-20-14-24-01,https://res.cloudinary.com/zjzxwgcq/image/upload/v1791022687/PHOTO-2021-08-20-14-24-01.jpg,[],image,jpg,,PHOTO-2021-08-20-14-24-01,3b803f7b7add78bb19002e0c0a5cffe0,PHOTO-2021-08-20-14-24-01,upload,2026-10-03T10:18:07Z,810,1080,87633,brimas-media,,{},{}
PHOTO-2021-08-19-19-21-55,https://res.cloudinary.com/zjzxwgcq/image/upload/v1791022686/PHOTO-2021-08-19-19-21-55.jpg,[],image,jpg,,PHOTO-2021-08-19-19-21-55,31c8764040679bda303508d84210a13c,PHOTO-2021-08-19-19-21-55,upload,2026-10-03T10:18:06Z,942,1080,61242,brimas-media,,{},{}
PHOTO-2021-08-19-17-05-12_1,https://res.cloudinary.com/zjzxwgcq/image/upload/v1791022686/PHOTO-2021-08-19-17-05-12_1.jpg,[],image,jpg,,PHOTO-2021-08-19-17-05-12_1,eb1aee41d15cbb27905c11545bc3ce57,PHOTO-2021-08-19-17-05-12_1,upload,2026-10-03T10:18:06Z,1000,948,124387,brimas-media,,{},{}
PHOTO-2021-08-19-17-05-12,https://res.cloudinary.com/zjzxwgcq/image/upload/v1791022686/PHOTO-2021-08-19-17-05-12.jpg,[],image,jpg,,PHOTO-2021-08-19-17-05-12,90c8e752f06226e3935cbea8d7c9c4ec,PHOTO-2021-08-19-17-05-12,upload,2026-10-03T10:18:06Z,800,800,109917,brimas-media,,{},{}
PHOTO-2021-08-19-16-59-36_2,https://res.cloudinary.com/zjzxwgcq/image/upload/v1791022685/PHOTO-2021-08-19-16-59-36_2.jpg,[],image,jpg,,PHOTO-2021-08-19-16-59-36_2,01fb36bebd1a38d24483c0fd64c3ff51,PHOTO-2021-08-19-16-59-36_2,upload,2026-10-03T10:18:05Z,800,800,73684,brimas-media,,{},{}
PHOTO-2021-08-19-16-59-36_1,https://res.cloudinary.com/zjzxwgcq/image/upload/v1791022685/PHOTO-2021-08-19-16-59-36_1.jpg,[],image,jpg,,PHOTO-2021-08-19-16-59-36_1,e402156aa48c685423d29bd0157afaa3,PHOTO-2021-08-19-16-59-36_1,upload,2026-10-03T10:18:05Z,1000,1000,52177,brimas-media,,{},{}
PHOTO-2021-08-19-16-59-36,https://res.cloudinary.com/zjzxwgcq/image/upload/v1791022684/PHOTO-2021-08-19-16-59-36.jpg,[],image,jpg,,PHOTO-2021-08-19-16-59-36,0521f79c798de5147af384f8ad1ce1e1,PHOTO-2021-08-19-16-59-36,upload,2026-10-03T10:18:04Z,1024,1024,47494,brimas-media,,{},{}
PHOTO-2021-08-19-16-57-56,https://res.cloudinary.com/zjzxwgcq/image/upload/v1791022684/PHOTO-2021-08-19-16-57-56.jpg,[],image,jpg,,PHOTO-2021-08-19-16-57-56,d3782cb857b6321a0803bf39e4b6c946,PHOTO-2021-08-19-16-57-56,upload,2026-10-03T10:18:04Z,923,1024,50486,brimas-media,,{},{}
PHOTO-2021-08-17-13-12-20,https://res.cloudinary.com/zjzxwgcq/image/upload/v1791022684/PHOTO-2021-08-17-13-12-20.jpg,[],image,jpg,,PHOTO-2021-08-17-13-12-20,b098d1b815384456a681013b27fd9433,PHOTO-2021-08-17-13-12-20,upload,2026-10-03T10:18:04Z,1080,1034,61405,brimas-media,,{},{}
PHOTO-2021-08-17-13-12-19,https://res.cloudinary.com/zjzxwgcq/image/upload/v1791022683/PHOTO-2021-08-17-13-12-19.jpg,[],image,jpg,,PHOTO-2021-08-17-13-12-19,bdfbe3d3fd6bb9350b5fa4106e2a1f01,PHOTO-2021-08-17-13-12-19,upload,2026-10-03T10:18:03Z,1080,1004,58934,brimas-media,,{},{}
PHOTO-2021-08-17-13-12-17,https://res.cloudinary.com/zjzxwgcq/image/upload/v1791022683/PHOTO-2021-08-17-13-12-17.jpg,[],image,jpg,,PHOTO-2021-08-17-13-12-17,f5a3205e135a831df7e06c559d4e0898,PHOTO-2021-08-17-13-12-17,upload,2026-10-03T10:18:03Z,1080,1014,59768,brimas-media,,{},{}
PHOTO-2021-08-17-13-12-16,https://res.cloudinary.com/zjzxwgcq/image/upload/v1791022683/PHOTO-2021-08-17-13-12-16.jpg,[],image,jpg,,PHOTO-2021-08-17-13-12-16,5babbf31ad8cdb78b2d59c108770a7bf,PHOTO-2021-08-17-13-12-16,upload,2026-10-03T10:18:03Z,1016,1080,80441,brimas-media,,{},{}
PHOTO-2021-08-17-13-12-15_1,https://res.cloudinary.com/zjzxwgcq/image/upload/v1791022682/PHOTO-2021-08-17-13-12-15_1.jpg,[],image,jpg,,PHOTO-2021-08-17-13-12-15_1,c1000e014333ca920f75e49f886cb75b,PHOTO-2021-08-17-13-12-15_1,upload,2026-10-03T10:18:02Z,1058,1080,55225,brimas-media,,{},{}
PHOTO-2021-08-17-13-12-15,https://res.cloudinary.com/zjzxwgcq/image/upload/v1791022682/PHOTO-2021-08-17-13-12-15.jpg,[],image,jpg,,PHOTO-2021-08-17-13-12-15,1a7c52235fd037270455cb23b56b910b,PHOTO-2021-08-17-13-12-15,upload,2026-10-03T10:18:02Z,922,1080,75911,brimas-media,,{},{}
PHOTO-2021-08-17-13-12-13,https://res.cloudinary.com/zjzxwgcq/image/upload/v1791022681/PHOTO-2021-08-17-13-12-13.jpg,[],image,jpg,,PHOTO-2021-08-17-13-12-13,8487de0bbddc046669624215f8bcca29,PHOTO-2021-08-17-13-12-13,upload,2026-10-03T10:18:01Z,1048,1080,65630,brimas-media,,{},{}
PHOTO-2021-08-17-13-12-12_1,https://res.cloudinary.com/zjzxwgcq/image/upload/v1791022681/PHOTO-2021-08-17-13-12-12_1.jpg,[],image,jpg,,PHOTO-2021-08-17-13-12-12_1,c04db902b96257db4084f44de17fd1e5,PHOTO-2021-08-17-13-12-12_1,upload,2026-10-03T10:18:01Z,1018,1080,57344,brimas-media,,{},{}
PHOTO-2021-08-17-13-12-12,https://res.cloudinary.com/zjzxwgcq/image/upload/v1791022681/PHOTO-2021-08-17-13-12-12.jpg,[],image,jpg,,PHOTO-2021-08-17-13-12-12,63f166700e5ce5a94387826a6ae35c67,PHOTO-2021-08-17-13-12-12,upload,2026-10-03T10:18:01Z,1066,1080,75592,brimas-media,,{},{}
PHOTO-2021-08-17-13-12-11,https://res.cloudinary.com/zjzxwgcq/image/upload/v1791022680/PHOTO-2021-08-17-13-12-11.jpg,[],image,jpg,,PHOTO-2021-08-17-13-12-11,52fa4f7d81397e359f7db8188f4d9823,PHOTO-2021-08-17-13-12-11,upload,2026-10-03T10:18:00Z,1080,1020,61507,brimas-media,,{},{}
PHOTO-2021-05-01-08-55-18,https://res.cloudinary.com/zjzxwgcq/image/upload/v1791022679/PHOTO-2021-05-01-08-55-18.jpg,[],image,jpg,,PHOTO-2021-05-01-08-55-18,cd9196379139b52490dd00baf24df8f2,PHOTO-2021-05-01-08-55-18,upload,2026-10-03T10:17:59Z,876,802,40452,brimas-media,,{},{}
PHOTO-2021-05-01-08-42-18,https://res.cloudinary.com/zjzxwgcq/image/upload/v1791022679/PHOTO-2021-05-01-08-42-18.jpg,[],image,jpg,,PHOTO-2021-05-01-08-42-18,4d3c301e93dcf6e6d28751f6dc710562,PHOTO-2021-05-01-08-42-18,upload,2026-10-03T10:17:59Z,585,845,67373,brimas-media,,{},{}
PHOTO-2021-04-14-10-31-16,https://res.cloudinary.com/zjzxwgcq/image/upload/v1791022679/PHOTO-2021-04-14-10-31-16.jpg,[],image,jpg,,PHOTO-2021-04-14-10-31-16,50a823c5e9b153f8c936e21817abbff0,PHOTO-2021-04-14-10-31-16,upload,2026-10-03T10:17:59Z,825,877,80289,brimas-media,,{},{}
PHOTO-2021-04-14-10-31-15,https://res.cloudinary.com/zjzxwgcq/image/upload/v1791022678/PHOTO-2021-04-14-10-31-15.jpg,[],image,jpg,,PHOTO-2021-04-14-10-31-15,017204d4c27884c8dd59c9502a2f21f8,PHOTO-2021-04-14-10-31-15,upload,2026-10-03T10:17:58Z,880,861,75696,brimas-media,,{},{}
PHOTO-2021-01-06-13-06-30_2,https://res.cloudinary.com/zjzxwgcq/image/upload/v1791022678/PHOTO-2021-01-06-13-06-30_2.jpg,[],image,jpg,,PHOTO-2021-01-06-13-06-30_2,407fb4db5044e5c4c6a963b062418d83,PHOTO-2021-01-06-13-06-30_2,upload,2026-10-03T10:17:58Z,1024,986,76114,brimas-media,,{},{}
PHOTO-2021-01-06-13-06-30_1,https://res.cloudinary.com/zjzxwgcq/image/upload/v1791022677/PHOTO-2021-01-06-13-06-30_1.jpg,[],image,jpg,,PHOTO-2021-01-06-13-06-30_1,ddcfa0364ba123fdc8af6f74c623d7e7,PHOTO-2021-01-06-13-06-30_1,upload,2026-10-03T10:17:57Z,800,800,87676,brimas-media,,{},{}
PHOTO-2021-01-06-13-06-30,https://res.cloudinary.com/zjzxwgcq/image/upload/v1791022677/PHOTO-2021-01-06-13-06-30.jpg,[],image,jpg,,PHOTO-2021-01-06-13-06-30,de10ab40bdde04caf4fd069bdd7273f0,PHOTO-2021-01-06-13-06-30,upload,2026-10-03T10:17:57Z,800,800,34796,brimas-media,,{},{}
PHOTO-2020-11-19-16-06-28,https://res.cloudinary.com/zjzxwgcq/image/upload/v1791022677/PHOTO-2020-11-19-16-06-28.jpg,[],image,jpg,,PHOTO-2020-11-19-16-06-28,f5e559d9d5e10b2fef412ea6de46a16b,PHOTO-2020-11-19-16-06-28,upload,2026-10-03T10:17:57Z,768,1024,63436,brimas-media,,{},{}
PHOTO-2020-10-24-12-05-10,https://res.cloudinary.com/zjzxwgcq/image/upload/v1791022676/PHOTO-2020-10-24-12-05-10.jpg,[],image,jpg,,PHOTO-2020-10-24-12-05-10,e7a7bc27d91ec88efa35560def657721,PHOTO-2020-10-24-12-05-10,upload,2026-10-03T10:17:56Z,999,874,224546,brimas-media,,{},{}
PHOTO-2020-10-20-14-13-18_4,https://res.cloudinary.com/zjzxwgcq/image/upload/v1791022675/PHOTO-2020-10-20-14-13-18_4.jpg,[],image,jpg,,PHOTO-2020-10-20-14-13-18_4,a30854276fc91fc59717810bda59bf57,PHOTO-2020-10-20-14-13-18_4,upload,2026-10-03T10:17:55Z,800,800,105821,brimas-media,,{},{}
PHOTO-2020-10-20-14-13-18_3,https://res.cloudinary.com/zjzxwgcq/image/upload/v1791022675/PHOTO-2020-10-20-14-13-18_3.jpg,[],image,jpg,,PHOTO-2020-10-20-14-13-18_3,5b9ca9b9fa4ebd171ec8f15f1ae204dd,PHOTO-2020-10-20-14-13-18_3,upload,2026-10-03T10:17:55Z,750,750,57608,brimas-media,,{},{}
PHOTO-2020-10-20-14-13-18_1,https://res.cloudinary.com/zjzxwgcq/image/upload/v1791022674/PHOTO-2020-10-20-14-13-18_1.jpg,[],image,jpg,,PHOTO-2020-10-20-14-13-18_1,f6efd9625bb2e20ed714e7285c124a53,PHOTO-2020-10-20-14-13-18_1,upload,2026-10-03T10:17:54Z,768,1024,68820,brimas-media,,{},{}
PHOTO-2020-10-20-14-13-18_2,https://res.cloudinary.com/zjzxwgcq/image/upload/v1791022675/PHOTO-2020-10-20-14-13-18_2.jpg,[],image,jpg,,PHOTO-2020-10-20-14-13-18_2,dad544afe5e6107e06971065ea3582cf,PHOTO-2020-10-20-14-13-18_2,upload,2026-10-03T10:17:55Z,800,800,82435,brimas-media,,{},{}
PHOTO-2020-10-15-16-19-47,https://res.cloudinary.com/zjzxwgcq/image/upload/v1791022674/PHOTO-2020-10-15-16-19-47.jpg,[],image,jpg,,PHOTO-2020-10-15-16-19-47,774517ce8f875615fa50aa1ae8a7e8bf,PHOTO-2020-10-15-16-19-47,upload,2026-10-03T10:17:54Z,1080,764,150847,brimas-media,,{},{}
PHOTO-2020-10-20-14-13-18,https://res.cloudinary.com/zjzxwgcq/image/upload/v1791022674/PHOTO-2020-10-20-14-13-18.jpg,[],image,jpg,,PHOTO-2020-10-20-14-13-18,5565ef9d4133a46414fa2ddc1defd42d,PHOTO-2020-10-20-14-13-18,upload,2026-10-03T10:17:54Z,1024,768,47223,brimas-media,,{},{}
PHOTO-2020-08-03-11-21-44,https://res.cloudinary.com/zjzxwgcq/image/upload/v1791022673/PHOTO-2020-08-03-11-21-44.jpg,[],image,jpg,,PHOTO-2020-08-03-11-21-44,a32ccc1354fe44fa3ffdf3ad9dcb409e,PHOTO-2020-08-03-11-21-44,upload,2026-10-03T10:17:53Z,591,837,27541,brimas-media,,{},{}
PHOTO-2020-07-27-11-44-17,https://res.cloudinary.com/zjzxwgcq/image/upload/v1791022673/PHOTO-2020-07-27-11-44-17.jpg,[],image,jpg,,PHOTO-2020-07-27-11-44-17,299c949763e2aa5f34090da9b7c1b69e,PHOTO-2020-07-27-11-44-17,upload,2026-10-03T10:17:53Z,1080,761,62021,brimas-media,,{},{}
PHOTO-2020-07-20-14-43-58,https://res.cloudinary.com/zjzxwgcq/image/upload/v1791022673/PHOTO-2020-07-20-14-43-58.jpg,[],image,jpg,,PHOTO-2020-07-20-14-43-58,a243a5ef9da1989f14468cf7d5011665,PHOTO-2020-07-20-14-43-58,upload,2026-10-03T10:17:53Z,964,787,33089,brimas-media,,{},{}
PHOTO-2020-07-20-14-37-15,https://res.cloudinary.com/zjzxwgcq/image/upload/v1791022672/PHOTO-2020-07-20-14-37-15.jpg,[],image,jpg,,PHOTO-2020-07-20-14-37-15,05ef3101daee1bdca6d077d8a14ecb11,PHOTO-2020-07-20-14-37-15,upload,2026-10-03T10:17:52Z,800,800,49541,brimas-media,,{},{}
PHOTO-2020-07-20-14-37-13,https://res.cloudinary.com/zjzxwgcq/image/upload/v1791022672/PHOTO-2020-07-20-14-37-13.jpg,[],image,jpg,,PHOTO-2020-07-20-14-37-13,4f9cfb3d2ef3a181c077982f0a1155c0,PHOTO-2020-07-20-14-37-13,upload,2026-10-03T10:17:52Z,800,800,33839,brimas-media,,{},{}
PHOTO-2020-07-20-13-12-32,https://res.cloudinary.com/zjzxwgcq/image/upload/v1791022671/PHOTO-2020-07-20-13-12-32.jpg,[],image,jpg,,PHOTO-2020-07-20-13-12-32,55c7f19465551c3191e34b1393815a9b,PHOTO-2020-07-20-13-12-32,upload,2026-10-03T10:17:51Z,800,800,76439,brimas-media,,{},{}
PHOTO-2020-07-20-13-12-30,https://res.cloudinary.com/zjzxwgcq/image/upload/v1791022670/PHOTO-2020-07-20-13-12-30.jpg,[],image,jpg,,PHOTO-2020-07-20-13-12-30,090a39939bfea1dbb542a4682d68f1ee,PHOTO-2020-07-20-13-12-30,upload,2026-10-03T10:17:50Z,800,800,76458,brimas-media,,{},{}
PHOTO-2020-07-20-13-12-29,https://res.cloudinary.com/zjzxwgcq/image/upload/v1791022670/PHOTO-2020-07-20-13-12-29.jpg,[],image,jpg,,PHOTO-2020-07-20-13-12-29,2d823d88645d70adca10fa2a9297be7c,PHOTO-2020-07-20-13-12-29,upload,2026-10-03T10:17:50Z,800,800,50816,brimas-media,,{},{}
PHOTO-2023-08-16-15-50-19,https://res.cloudinary.com/zjzxwgcq/image/upload/v1791022670/PHOTO-2023-08-16-15-50-19.jpg,[],image,jpg,,PHOTO-2023-08-16-15-50-19,b061ce3ecd4241d01212ad1911f94525,PHOTO-2023-08-16-15-50-19,upload,2026-10-03T10:17:50Z,607,1080,43533,brimas-media,,{},{}
PHOTO-2023-08-16-15-54-34,https://res.cloudinary.com/zjzxwgcq/image/upload/v1791022670/PHOTO-2023-08-16-15-54-34.jpg,[],image,jpg,,PHOTO-2023-08-16-15-54-34,aaeec6f298235b2ffe7e6559efb884e2,PHOTO-2023-08-16-15-54-34,upload,2026-10-03T10:17:50Z,607,1080,69434,brimas-media,,{},{}
PHOTO-2023-08-14-15-03-49_1,https://res.cloudinary.com/zjzxwgcq/image/upload/v1791022669/PHOTO-2023-08-14-15-03-49_1.jpg,[],image,jpg,,PHOTO-2023-08-14-15-03-49_1,027222653dd47e0c1ee0850fe02dd018,PHOTO-2023-08-14-15-03-49_1,upload,2026-10-03T10:17:49Z,800,800,55810,brimas-media,,{},{}
PHOTO-2023-08-14-15-03-49,https://res.cloudinary.com/zjzxwgcq/image/upload/v1791022669/PHOTO-2023-08-14-15-03-49.jpg,[],image,jpg,,PHOTO-2023-08-14-15-03-49,4834aba7d7c605a0c00cdbe0d2673e5f,PHOTO-2023-08-14-15-03-49,upload,2026-10-03T10:17:49Z,771,440,31099,brimas-media,,{},{}
PHOTO-2023-08-14-15-03-48_1,https://res.cloudinary.com/zjzxwgcq/image/upload/v1791022669/PHOTO-2023-08-14-15-03-48_1.jpg,[],image,jpg,,PHOTO-2023-08-14-15-03-48_1,79f13d51b5d048748851c167cfde3f1c,PHOTO-2023-08-14-15-03-48_1,upload,2026-10-03T10:17:49Z,1000,1000,99685,brimas-media,,{},{}
PHOTO-2023-11-28-16-18-39,https://res.cloudinary.com/zjzxwgcq/image/upload/v1791022613/PHOTO-2023-11-28-16-18-39.jpg,[],image,jpg,,PHOTO-2023-11-28-16-18-39,7663fafc65cdba607e66feedb83ae5d4,PHOTO-2023-11-28-16-18-39,upload,2026-10-03T10:16:53Z,1000,1000,204965,brimas-media,,{},{}
PHOTO-2023-11-23-19-07-22,https://res.cloudinary.com/zjzxwgcq/image/upload/v1791022613/PHOTO-2023-11-23-19-07-22.jpg,[],image,jpg,,PHOTO-2023-11-23-19-07-22,038e7a20920ab500e2f942d0ca9a6c51,PHOTO-2023-11-23-19-07-22,upload,2026-10-03T10:16:53Z,979,1280,55528,brimas-media,,{},{}
PHOTO-2026-09-07-17-00-33_3,https://res.cloudinary.com/zjzxwgcq/image/upload/v1791022612/PHOTO-2026-09-07-17-00-33_3.jpg,[],image,jpg,,PHOTO-2026-09-07-17-00-33_3,cf67a6e363125a54ae5cc4a983b92ba4,PHOTO-2026-09-07-17-00-33_3,upload,2026-10-03T10:16:52Z,800,800,56373,brimas-media,,{},{}
PHOTO-2026-09-07-17-00-33_5,https://res.cloudinary.com/zjzxwgcq/image/upload/v1791022612/PHOTO-2026-09-07-17-00-33_5.jpg,[],image,jpg,,PHOTO-2026-09-07-17-00-33_5,88ef47422962b1bf6a49b278d6eb72cd,PHOTO-2026-09-07-17-00-33_5,upload,2026-10-03T10:16:52Z,864,1080,117698,brimas-media,,{},{}
PHOTO-2026-09-07-17-00-33_4,https://res.cloudinary.com/zjzxwgcq/image/upload/v1791022612/PHOTO-2026-09-07-17-00-33_4.jpg,[],image,jpg,,PHOTO-2026-09-07-17-00-33_4,2845f421039ec058a99d18298780f928,PHOTO-2026-09-07-17-00-33_4,upload,2026-10-03T10:16:52Z,1000,1000,103718,brimas-media,,{},{}
PHOTO-2026-09-07-17-00-33_2,https://res.cloudinary.com/zjzxwgcq/image/upload/v1791022612/PHOTO-2026-09-07-17-00-33_2.jpg,[],image,jpg,,PHOTO-2026-09-07-17-00-33_2,712a4c76a136fae66d7becb99d2af7a5,PHOTO-2026-09-07-17-00-33_2,upload,2026-10-03T10:16:52Z,786,727,50632,brimas-media,,{},{}
PHOTO-2026-09-07-17-00-33_1,https://res.cloudinary.com/zjzxwgcq/image/upload/v1791022611/PHOTO-2026-09-07-17-00-33_1.jpg,[],image,jpg,,PHOTO-2026-09-07-17-00-33_1,d5c0dd96631ba437e01ffa681f6dff13,PHOTO-2026-09-07-17-00-33_1,upload,2026-10-03T10:16:51Z,978,1080,61512,brimas-media,,{},{}
PHOTO-2026-09-07-17-00-33,https://res.cloudinary.com/zjzxwgcq/image/upload/v1791022611/PHOTO-2026-09-07-17-00-33.jpg,[],image,jpg,,PHOTO-2026-09-07-17-00-33,cde9ce587f70f81cade0ba8bfa7a3544,PHOTO-2026-09-07-17-00-33,upload,2026-10-03T10:16:51Z,1080,1080,46387,brimas-media,,{},{}
PHOTO-2026-07-07-08-07-36_5,https://res.cloudinary.com/zjzxwgcq/image/upload/v1791022611/PHOTO-2026-07-07-08-07-36_5.jpg,[],image,jpg,,PHOTO-2026-07-07-08-07-36_5,70c19e5b0b5b2147c7de937965a97b0e,PHOTO-2026-07-07-08-07-36_5,upload,2026-10-03T10:16:51Z,1024,1024,36009,brimas-media,,{},{}
PHOTO-2026-07-07-08-07-36_4,https://res.cloudinary.com/zjzxwgcq/image/upload/v1791022610/PHOTO-2026-07-07-08-07-36_4.jpg,[],image,jpg,,PHOTO-2026-07-07-08-07-36_4,3ebf5f1034e4d6df3032a5969327249f,PHOTO-2026-07-07-08-07-36_4,upload,2026-10-03T10:16:50Z,1024,1024,19974,brimas-media,,{},{}
PHOTO-2026-07-07-08-07-36_3,https://res.cloudinary.com/zjzxwgcq/image/upload/v1791022609/PHOTO-2026-07-07-08-07-36_3.jpg,[],image,jpg,,PHOTO-2026-07-07-08-07-36_3,45f4d91e3c38f83e9e7fcb20541a66be,PHOTO-2026-07-07-08-07-36_3,upload,2026-10-03T10:16:49Z,1024,1024,31334,brimas-media,,{},{}
PHOTO-2026-07-07-08-07-36_2,https://res.cloudinary.com/zjzxwgcq/image/upload/v1791022609/PHOTO-2026-07-07-08-07-36_2.jpg,[],image,jpg,,PHOTO-2026-07-07-08-07-36_2,49079a2714c10464b09f3cd1f9e4e41c,PHOTO-2026-07-07-08-07-36_2,upload,2026-10-03T10:16:49Z,512,512,19109,brimas-media,,{},{}
PHOTO-2026-07-07-08-07-36_1,https://res.cloudinary.com/zjzxwgcq/image/upload/v1791022609/PHOTO-2026-07-07-08-07-36_1.jpg,[],image,jpg,,PHOTO-2026-07-07-08-07-36_1,c742ad94b6e1a93d622f3e73c89ba765,PHOTO-2026-07-07-08-07-36_1,upload,2026-10-03T10:16:49Z,512,512,12425,brimas-media,,{},{}
PHOTO-2026-07-07-08-07-36,https://res.cloudinary.com/zjzxwgcq/image/upload/v1791022609/PHOTO-2026-07-07-08-07-36.jpg,[],image,jpg,,PHOTO-2026-07-07-08-07-36,26a0b26d931ea6b9e3fee9ff2e9eabdc,PHOTO-2026-07-07-08-07-36,upload,2026-10-03T10:16:49Z,512,512,13874,brimas-media,,{},{}
PHOTO-2026-07-06-17-27-05_11,https://res.cloudinary.com/zjzxwgcq/image/upload/v1791022608/PHOTO-2026-07-06-17-27-05_11.jpg,[],image,jpg,,PHOTO-2026-07-06-17-27-05_11,95dd26e1ddcf74e267cd94aa7fb90a3e,PHOTO-2026-07-06-17-27-05_11,upload,2026-10-03T10:16:48Z,1000,1000,137332,brimas-media,,{},{}
PHOTO-2026-07-06-17-27-05_10,https://res.cloudinary.com/zjzxwgcq/image/upload/v1791022608/PHOTO-2026-07-06-17-27-05_10.jpg,[],image,jpg,,PHOTO-2026-07-06-17-27-05_10,587159679707147b024bf7c3be601fed,PHOTO-2026-07-06-17-27-05_10,upload,2026-10-03T10:16:48Z,1000,1000,129458,brimas-media,,{},{}
PHOTO-2026-07-06-17-27-05_9,https://res.cloudinary.com/zjzxwgcq/image/upload/v1791022608/PHOTO-2026-07-06-17-27-05_9.jpg,[],image,jpg,,PHOTO-2026-07-06-17-27-05_9,9b8045e505fcf5b4178b687e81db748f,PHOTO-2026-07-06-17-27-05_9,upload,2026-10-03T10:16:48Z,1000,1000,123774,brimas-media,,{},{}
PHOTO-2026-07-06-17-27-05_8,https://res.cloudinary.com/zjzxwgcq/image/upload/v1791022608/PHOTO-2026-07-06-17-27-05_8.jpg,[],image,jpg,,PHOTO-2026-07-06-17-27-05_8,afb2e16d684204ec16b9a481da27c7db,PHOTO-2026-07-06-17-27-05_8,upload,2026-10-03T10:16:48Z,864,1080,122006,brimas-media,,{},{}
PHOTO-2026-07-06-17-27-05_7,https://res.cloudinary.com/zjzxwgcq/image/upload/v1791022607/PHOTO-2026-07-06-17-27-05_7.jpg,[],image,jpg,,PHOTO-2026-07-06-17-27-05_7,5b5e6366c3c5d3fc4822a8a6c8ed89ba,PHOTO-2026-07-06-17-27-05_7,upload,2026-10-03T10:16:47Z,1000,1000,122552,brimas-media,,{},{}
PHOTO-2026-07-06-17-27-05_6,https://res.cloudinary.com/zjzxwgcq/image/upload/v1791022606/PHOTO-2026-07-06-17-27-05_6.jpg,[],image,jpg,,PHOTO-2026-07-06-17-27-05_6,31ec8a23699eb5ce6bbcec0422ddea1f,PHOTO-2026-07-06-17-27-05_6,upload,2026-10-03T10:16:46Z,1080,878,72728,brimas-media,,{},{}
PHOTO-2026-07-06-17-27-05_5,https://res.cloudinary.com/zjzxwgcq/image/upload/v1791022606/PHOTO-2026-07-06-17-27-05_5.jpg,[],image,jpg,,PHOTO-2026-07-06-17-27-05_5,e13508e236e6bff61bdda1e63cfbd0e4,PHOTO-2026-07-06-17-27-05_5,upload,2026-10-03T10:16:46Z,1000,1000,111735,brimas-media,,{},{}
PHOTO-2026-07-06-17-27-05_4,https://res.cloudinary.com/zjzxwgcq/image/upload/v1791022606/PHOTO-2026-07-06-17-27-05_4.jpg,[],image,jpg,,PHOTO-2026-07-06-17-27-05_4,b1fc0a402ea08204807ba8f844c1044b,PHOTO-2026-07-06-17-27-05_4,upload,2026-10-03T10:16:46Z,864,1080,70062,brimas-media,,{},{}
PHOTO-2026-07-06-17-27-05_3,https://res.cloudinary.com/zjzxwgcq/image/upload/v1791022605/PHOTO-2026-07-06-17-27-05_3.jpg,[],image,jpg,,PHOTO-2026-07-06-17-27-05_3,6ba151d309d71304fcbd455b5b6da900,PHOTO-2026-07-06-17-27-05_3,upload,2026-10-03T10:16:45Z,800,800,51456,brimas-media,,{},{}
PHOTO-2026-07-06-17-27-05_2,https://res.cloudinary.com/zjzxwgcq/image/upload/v1791022605/PHOTO-2026-07-06-17-27-05_2.jpg,[],image,jpg,,PHOTO-2026-07-06-17-27-05_2,89a79701db710466553a0863a5994f88,PHOTO-2026-07-06-17-27-05_2,upload,2026-10-03T10:16:45Z,1080,1080,96579,brimas-media,,{},{}
PHOTO-2026-07-06-17-27-05_1,https://res.cloudinary.com/zjzxwgcq/image/upload/v1791022605/PHOTO-2026-07-06-17-27-05_1.jpg,[],image,jpg,,PHOTO-2026-07-06-17-27-05_1,9b7442c8f68173d5a1723e579fe0921b,PHOTO-2026-07-06-17-27-05_1,upload,2026-10-03T10:16:45Z,978,1080,66533,brimas-media,,{},{}
PHOTO-2026-07-06-17-27-05,https://res.cloudinary.com/zjzxwgcq/image/upload/v1791022605/PHOTO-2026-07-06-17-27-05.jpg,[],image,jpg,,PHOTO-2026-07-06-17-27-05,1f269021f15049ec9ec6c50d575f9d40,PHOTO-2026-07-06-17-27-05,upload,2026-10-03T10:16:45Z,480,480,29482,brimas-media,,{},{}
PHOTO-2026-02-06-17-20-18,https://res.cloudinary.com/zjzxwgcq/image/upload/v1791022605/PHOTO-2026-02-06-17-20-18.jpg,[],image,jpg,,PHOTO-2026-02-06-17-20-18,6c05e4a9c6a3f1898042fcb4f2caf66a,PHOTO-2026-02-06-17-20-18,upload,2026-10-03T10:16:45Z,600,515,60715,brimas-media,,{},{}
PHOTO-2026-02-06-17-13-34,https://res.cloudinary.com/zjzxwgcq/image/upload/v1791022605/PHOTO-2026-02-06-17-13-34.jpg,[],image,jpg,,PHOTO-2026-02-06-17-13-34,387ad34ca9a55a48986e260f1fe366a6,PHOTO-2026-02-06-17-13-34,upload,2026-10-03T10:16:45Z,1238,1280,138257,brimas-media,,{},{}
PHOTO-2025-10-07-14-50-22_1,https://res.cloudinary.com/zjzxwgcq/image/upload/v1791022604/PHOTO-2025-10-07-14-50-22_1.jpg,[],image,jpg,,PHOTO-2025-10-07-14-50-22_1,a5ce948dd70aa44297fa9afbec6584c8,PHOTO-2025-10-07-14-50-22_1,upload,2026-10-03T10:16:44Z,695,518,38320,brimas-media,,{},{}
PHOTO-2025-10-07-14-50-22,https://res.cloudinary.com/zjzxwgcq/image/upload/v1791022603/PHOTO-2025-10-07-14-50-22.jpg,[],image,jpg,,PHOTO-2025-10-07-14-50-22,ebe50139a6770169159024057db0be8d,PHOTO-2025-10-07-14-50-22,upload,2026-10-03T10:16:43Z,693,512,40094,brimas-media,,{},{}
PHOTO-2025-09-17-17-57-43,https://res.cloudinary.com/zjzxwgcq/image/upload/v1791022602/PHOTO-2025-09-17-17-57-43.jpg,[],image,jpg,,PHOTO-2025-09-17-17-57-43,a5a6fef463700bbc3262673fa1543640,PHOTO-2025-09-17-17-57-43,upload,2026-10-03T10:16:42Z,635,734,119019,brimas-media,,{},{}
PHOTO-2025-09-17-15-20-41,https://res.cloudinary.com/zjzxwgcq/image/upload/v1791022602/PHOTO-2025-09-17-15-20-41.jpg,[],image,jpg,,PHOTO-2025-09-17-15-20-41,33fe9424a2d2265fe68ea8ca713357e8,PHOTO-2025-09-17-15-20-41,upload,2026-10-03T10:16:42Z,934,892,123028,brimas-media,,{},{}
PHOTO-2025-07-08-18-44-49_3,https://res.cloudinary.com/zjzxwgcq/image/upload/v1791022602/PHOTO-2025-07-08-18-44-49_3.jpg,[],image,jpg,,PHOTO-2025-07-08-18-44-49_3,40020e3d09efbc43fffb98a1c756851b,PHOTO-2025-07-08-18-44-49_3,upload,2026-10-03T10:16:42Z,810,1080,101294,brimas-media,,{},{}
PHOTO-2025-07-08-18-44-49_2,https://res.cloudinary.com/zjzxwgcq/image/upload/v1791022602/PHOTO-2025-07-08-18-44-49_2.jpg,[],image,jpg,,PHOTO-2025-07-08-18-44-49_2,66a5cd0568d61be8abb6007d35bc4955,PHOTO-2025-07-08-18-44-49_2,upload,2026-10-03T10:16:42Z,744,992,49576,brimas-media,,{},{}
PHOTO-2025-07-08-18-44-49_1,https://res.cloudinary.com/zjzxwgcq/image/upload/v1791022602/PHOTO-2025-07-08-18-44-49_1.jpg,[],image,jpg,,PHOTO-2025-07-08-18-44-49_1,e46d74009b005fcfae9797a46f87091e,PHOTO-2025-07-08-18-44-49_1,upload,2026-10-03T10:16:42Z,992,744,81718,brimas-media,,{},{}
PHOTO-2025-07-08-18-44-49,https://res.cloudinary.com/zjzxwgcq/image/upload/v1791022601/PHOTO-2025-07-08-18-44-49.jpg,[],image,jpg,,PHOTO-2025-07-08-18-44-49,76f2c08b765d9a4cb664ec1ac32efdcf,PHOTO-2025-07-08-18-44-49,upload,2026-10-03T10:16:41Z,607,1080,65837,brimas-media,,{},{}
PHOTO-2025-05-13-05-16-35_2,https://res.cloudinary.com/zjzxwgcq/image/upload/v1791022601/PHOTO-2025-05-13-05-16-35_2.jpg,[],image,jpg,,PHOTO-2025-05-13-05-16-35_2,529089a076415956e8a51923daa5ec87,PHOTO-2025-05-13-05-16-35_2,upload,2026-10-03T10:16:41Z,960,1280,193668,brimas-media,,{},{}
PHOTO-2025-05-13-05-16-35_1,https://res.cloudinary.com/zjzxwgcq/image/upload/v1791022601/PHOTO-2025-05-13-05-16-35_1.jpg,[],image,jpg,,PHOTO-2025-05-13-05-16-35_1,089287428bd9c7c2e5f69a6c8adc0324,PHOTO-2025-05-13-05-16-35_1,upload,2026-10-03T10:16:41Z,1080,810,163154,brimas-media,,{},{}
PHOTO-2025-05-13-05-16-35,https://res.cloudinary.com/zjzxwgcq/image/upload/v1791022601/PHOTO-2025-05-13-05-16-35.jpg,[],image,jpg,,PHOTO-2025-05-13-05-16-35,8057868f06d4423c33345168cd60bbbd,PHOTO-2025-05-13-05-16-35,upload,2026-10-03T10:16:41Z,1280,960,242022,brimas-media,,{},{}
PHOTO-2025-05-13-05-16-34_1,https://res.cloudinary.com/zjzxwgcq/image/upload/v1791022600/PHOTO-2025-05-13-05-16-34_1.jpg,[],image,jpg,,PHOTO-2025-05-13-05-16-34_1,46372dc62cab67c44b8e2e91342d7125,PHOTO-2025-05-13-05-16-34_1,upload,2026-10-03T10:16:40Z,1280,960,253951,brimas-media,,{},{}
PHOTO-2025-05-13-05-16-34,https://res.cloudinary.com/zjzxwgcq/image/upload/v1791022600/PHOTO-2025-05-13-05-16-34.jpg,[],image,jpg,,PHOTO-2025-05-13-05-16-34,a822f09e8d836a62b8c63c428d60e230,PHOTO-2025-05-13-05-16-34,upload,2026-10-03T10:16:40Z,1080,810,189957,brimas-media,,{},{}
PHOTO-2025-05-09-17-46-37,https://res.cloudinary.com/zjzxwgcq/image/upload/v1791022599/PHOTO-2025-05-09-17-46-37.jpg,[],image,jpg,,PHOTO-2025-05-09-17-46-37,1387ae5519eb179a4e1a8854b51ae3da,PHOTO-2025-05-09-17-46-37,upload,2026-10-03T10:16:39Z,1280,720,166316,brimas-media,,{},{}
PHOTO-2025-05-09-17-43-09,https://res.cloudinary.com/zjzxwgcq/image/upload/v1791022599/PHOTO-2025-05-09-17-43-09.jpg,[],image,jpg,,PHOTO-2025-05-09-17-43-09,632c7a0060c6a8c7ef00d9f2314768e0,PHOTO-2025-05-09-17-43-09,upload,2026-10-03T10:16:39Z,811,552,102184,brimas-media,,{},{}
PHOTO-2025-05-09-17-43-06,https://res.cloudinary.com/zjzxwgcq/image/upload/v1791022599/PHOTO-2025-05-09-17-43-06.jpg,[],image,jpg,,PHOTO-2025-05-09-17-43-06,189f519605c9848fb3dd3b17d6fc6415,PHOTO-2025-05-09-17-43-06,upload,2026-10-03T10:16:39Z,1079,750,198682,brimas-media,,{},{}
PHOTO-2025-02-24-15-36-13_1,https://res.cloudinary.com/zjzxwgcq/image/upload/v1791022599/PHOTO-2025-02-24-15-36-13_1.jpg,[],image,jpg,,PHOTO-2025-02-24-15-36-13_1,9181a71675aabeb141f7999a62421c9c,PHOTO-2025-02-24-15-36-13_1,upload,2026-10-03T10:16:39Z,1147,808,167037,brimas-media,,{},{}
PHOTO-2025-02-24-15-36-13,https://res.cloudinary.com/zjzxwgcq/image/upload/v1791022598/PHOTO-2025-02-24-15-36-13.jpg,[],image,jpg,,PHOTO-2025-02-24-15-36-13,50576e6b3780f1e7adc1ed6ce602d2b8,PHOTO-2025-02-24-15-36-13,upload,2026-10-03T10:16:38Z,910,653,120842,brimas-media,,{},{}
PHOTO-2025-02-24-14-57-14,https://res.cloudinary.com/zjzxwgcq/image/upload/v1791022598/PHOTO-2025-02-24-14-57-14.jpg,[],image,jpg,,PHOTO-2025-02-24-14-57-14,e8499346a5270f3fa958ae9c0c430d56,PHOTO-2025-02-24-14-57-14,upload,2026-10-03T10:16:38Z,734,701,109146,brimas-media,,{},{}
PHOTO-2025-02-24-14-57-08,https://res.cloudinary.com/zjzxwgcq/image/upload/v1791022598/PHOTO-2025-02-24-14-57-08.jpg,[],image,jpg,,PHOTO-2025-02-24-14-57-08,77c6725612cd3c1dd974891b02a9b3a4,PHOTO-2025-02-24-14-57-08,upload,2026-10-03T10:16:38Z,615,775,76096,brimas-media,,{},{}
PHOTO-2025-02-05-08-58-05,https://res.cloudinary.com/zjzxwgcq/image/upload/v1791022597/PHOTO-2025-02-05-08-58-05.jpg,[],image,jpg,,PHOTO-2025-02-05-08-58-05,58302f5517d3b594a2e9805b42320e85,PHOTO-2025-02-05-08-58-05,upload,2026-10-03T10:16:37Z,597,391,28901,brimas-media,,{},{}
PHOTO-2024-08-07-09-39-28,https://res.cloudinary.com/zjzxwgcq/image/upload/v1791022597/PHOTO-2024-08-07-09-39-28.jpg,[],image,jpg,,PHOTO-2024-08-07-09-39-28,2ee0bdcfa0056866b1b35414b5d13a6d,PHOTO-2024-08-07-09-39-28,upload,2026-10-03T10:16:37Z,800,800,65322,brimas-media,,{},{}
PHOTO-2024-06-29-11-49-34,https://res.cloudinary.com/zjzxwgcq/image/upload/v1791022596/PHOTO-2024-06-29-11-49-34.jpg,[],image,jpg,,PHOTO-2024-06-29-11-49-34,86ec5d3c2d1187993cba3edb84f56a30,PHOTO-2024-06-29-11-49-34,upload,2026-10-03T10:16:36Z,465,816,62136,brimas-media,,{},{}
PHOTO-2024-08-07-09-38-46,https://res.cloudinary.com/zjzxwgcq/image/upload/v1791022596/PHOTO-2024-08-07-09-38-46.jpg,[],image,jpg,,PHOTO-2024-08-07-09-38-46,e9a1b2ad4ce1cb83ac9394299c8549d8,PHOTO-2024-08-07-09-38-46,upload,2026-10-03T10:16:36Z,1280,1280,121829,brimas-media,,{},{}
PHOTO-2024-06-28-19-27-02,https://res.cloudinary.com/zjzxwgcq/image/upload/v1791022596/PHOTO-2024-06-28-19-27-02.jpg,[],image,jpg,,PHOTO-2024-06-28-19-27-02,56e4bd29742441d6807da60ffb367ddf,PHOTO-2024-06-28-19-27-02,upload,2026-10-03T10:16:36Z,1024,1024,68446,brimas-media,,{},{}
PHOTO-2024-06-14-08-56-37,https://res.cloudinary.com/zjzxwgcq/image/upload/v1791022595/PHOTO-2024-06-14-08-56-37.jpg,[],image,jpg,,PHOTO-2024-06-14-08-56-37,3d5745d01cd2a9bfc76801bc8cf5202b,PHOTO-2024-06-14-08-56-37,upload,2026-10-03T10:16:35Z,1238,824,140566,brimas-media,,{},{}
PHOTO-2024-06-14-09-46-21,https://res.cloudinary.com/zjzxwgcq/image/upload/v1791022595/PHOTO-2024-06-14-09-46-21.jpg,[],image,jpg,,PHOTO-2024-06-14-09-46-21,ad56467224bc54f918a3bd8b8b584364,PHOTO-2024-06-14-09-46-21,upload,2026-10-03T10:16:35Z,715,804,90338,brimas-media,,{},{}
PHOTO-2024-03-05-15-55-12,https://res.cloudinary.com/zjzxwgcq/image/upload/v1791022595/PHOTO-2024-03-05-15-55-12.jpg,[],image,jpg,,PHOTO-2024-03-05-15-55-12,c144a77c0d7e5411cb9ff1abef09e25d,PHOTO-2024-03-05-15-55-12,upload,2026-10-03T10:16:35Z,651,471,44280,brimas-media,,{},{}
PHOTO-2023-11-30-19-53-25,https://res.cloudinary.com/zjzxwgcq/image/upload/v1791022595/PHOTO-2023-11-30-19-53-25.jpg,[],image,jpg,,PHOTO-2023-11-30-19-53-25,90557b0e918c712386255133c9b37dce,PHOTO-2023-11-30-19-53-25,upload,2026-10-03T10:16:35Z,256,256,7561,brimas-media,,{},{}
PHOTO-2023-11-30-19-53-21_1,https://res.cloudinary.com/zjzxwgcq/image/upload/v1791022595/PHOTO-2023-11-30-19-53-21_1.jpg,[],image,jpg,,PHOTO-2023-11-30-19-53-21_1,cb31e6b5b86adb50fb951d5c67f8489c,PHOTO-2023-11-30-19-53-21_1,upload,2026-10-03T10:16:35Z,256,256,7338,brimas-media,,{},{}
PHOTO-2023-11-30-19-53-24,https://res.cloudinary.com/zjzxwgcq/image/upload/v1791022595/PHOTO-2023-11-30-19-53-24.jpg,[],image,jpg,,PHOTO-2023-11-30-19-53-24,28ad7b88db4d358f68a912d9ae557080,PHOTO-2023-11-30-19-53-24,upload,2026-10-03T10:16:35Z,256,256,5412,brimas-media,,{},{}
PHOTO-2023-11-30-19-53-21,https://res.cloudinary.com/zjzxwgcq/image/upload/v1791022594/PHOTO-2023-11-30-19-53-21.jpg,[],image,jpg,,PHOTO-2023-11-30-19-53-21,9fbee4d7ea1dce9b73ffb1386fda0721,PHOTO-2023-11-30-19-53-21,upload,2026-10-03T10:16:34Z,256,256,6862,brimas-media,,{},{}
PHOTO-2023-11-30-19-50-36_1,https://res.cloudinary.com/zjzxwgcq/image/upload/v1791022593/PHOTO-2023-11-30-19-50-36_1.jpg,[],image,jpg,,PHOTO-2023-11-30-19-50-36_1,d6e4baaad3f026414a6f8120af4b7c5a,PHOTO-2023-11-30-19-50-36_1,upload,2026-10-03T10:16:33Z,256,256,5281,brimas-media,,{},{}
PHOTO-2023-11-30-19-50-36,https://res.cloudinary.com/zjzxwgcq/image/upload/v1791022592/PHOTO-2023-11-30-19-50-36.jpg,[],image,jpg,,PHOTO-2023-11-30-19-50-36,476d1505c92961bce7d8d92c90c97347,PHOTO-2023-11-30-19-50-36,upload,2026-10-03T10:16:32Z,256,256,5474,brimas-media,,{},{}
PHOTO-2023-11-30-19-50-35,https://res.cloudinary.com/zjzxwgcq/image/upload/v1791022592/PHOTO-2023-11-30-19-50-35.jpg,[],image,jpg,,PHOTO-2023-11-30-19-50-35,80b0a88097f069ef963e36c5efca6eab,PHOTO-2023-11-30-19-50-35,upload,2026-10-03T10:16:32Z,256,256,4051,brimas-media,,{},{}
PHOTO-2023-11-30-19-50-34,https://res.cloudinary.com/zjzxwgcq/image/upload/v1791022592/PHOTO-2023-11-30-19-50-34.jpg,[],image,jpg,,PHOTO-2023-11-30-19-50-34,3cb25428034e699670e64f44ce1aaf70,PHOTO-2023-11-30-19-50-34,upload,2026-10-03T10:16:32Z,256,256,4413,brimas-media,,{},{}
PHOTO-2023-11-30-19-50-32_1,https://res.cloudinary.com/zjzxwgcq/image/upload/v1791022592/PHOTO-2023-11-30-19-50-32_1.jpg,[],image,jpg,,PHOTO-2023-11-30-19-50-32_1,279b3ea321c449cfbe6255c5c46d1c31,PHOTO-2023-11-30-19-50-32_1,upload,2026-10-03T10:16:32Z,256,256,8782,brimas-media,,{},{}
PHOTO-2023-11-30-19-50-32,https://res.cloudinary.com/zjzxwgcq/image/upload/v1791022592/PHOTO-2023-11-30-19-50-32.jpg,[],image,jpg,,PHOTO-2023-11-30-19-50-32,9f4223a751b999811d7f73a23293b7a9,PHOTO-2023-11-30-19-50-32,upload,2026-10-03T10:16:32Z,256,256,3956,brimas-media,,{},{}
PHOTO-2023-11-30-19-50-30,https://res.cloudinary.com/zjzxwgcq/image/upload/v1791022591/PHOTO-2023-11-30-19-50-30.jpg,[],image,jpg,,PHOTO-2023-11-30-19-50-30,90d6136aeda08701c7d7b7870eabb9cd,PHOTO-2023-11-30-19-50-30,upload,2026-10-03T10:16:31Z,256,256,5830,brimas-media,,{},{}
PHOTO-2023-11-30-19-50-25_1,https://res.cloudinary.com/zjzxwgcq/image/upload/v1791022591/PHOTO-2023-11-30-19-50-25_1.jpg,[],image,jpg,,PHOTO-2023-11-30-19-50-25_1,777c1c6af425fe4d435d2bb81ced23b4,PHOTO-2023-11-30-19-50-25_1,upload,2026-10-03T10:16:31Z,256,256,4342,brimas-media,,{},{}
PHOTO-2023-11-30-19-50-26,https://res.cloudinary.com/zjzxwgcq/image/upload/v1791022591/PHOTO-2023-11-30-19-50-26.jpg,[],image,jpg,,PHOTO-2023-11-30-19-50-26,bbed311a7e02a891265601eaab96e6fe,PHOTO-2023-11-30-19-50-26,upload,2026-10-03T10:16:31Z,256,256,4706,brimas-media,,{},{}
PHOTO-2023-11-30-19-50-25,https://res.cloudinary.com/zjzxwgcq/image/upload/v1791022591/PHOTO-2023-11-30-19-50-25.jpg,[],image,jpg,,PHOTO-2023-11-30-19-50-25,572a566aa27cb122dc0994b1ddfd8838,PHOTO-2023-11-30-19-50-25,upload,2026-10-03T10:16:31Z,256,256,4644,brimas-media,,{},{}
PHOTO-2023-11-30-19-50-24_1,https://res.cloudinary.com/zjzxwgcq/image/upload/v1791022591/PHOTO-2023-11-30-19-50-24_1.jpg,[],image,jpg,,PHOTO-2023-11-30-19-50-24_1,dedfc147216c757f11638d58fa1d827d,PHOTO-2023-11-30-19-50-24_1,upload,2026-10-03T10:16:31Z,1024,1024,46581,brimas-media,,{},{}
PHOTO-2023-11-30-19-50-24,https://res.cloudinary.com/zjzxwgcq/image/upload/v1791022588/PHOTO-2023-11-30-19-50-24.jpg,[],image,jpg,,PHOTO-2023-11-30-19-50-24,93ca26e3d0745f0226edf24db3519487,PHOTO-2023-11-30-19-50-24,upload,2026-10-03T10:16:28Z,256,256,4949,brimas-media,,{},{}
PHOTO-2023-11-30-19-46-04,https://res.cloudinary.com/zjzxwgcq/image/upload/v1791022588/PHOTO-2023-11-30-19-46-04.jpg,[],image,jpg,,PHOTO-2023-11-30-19-46-04,d347a07ea795f43603044b40d20760b1,PHOTO-2023-11-30-19-46-04,upload,2026-10-03T10:16:28Z,800,800,47531,brimas-media,,{},{}
PHOTO-2023-11-30-19-46-02_1,https://res.cloudinary.com/zjzxwgcq/image/upload/v1791022588/PHOTO-2023-11-30-19-46-02_1.jpg,[],image,jpg,,PHOTO-2023-11-30-19-46-02_1,589fbd4f5e65c6459a4e2e427d239f7e,PHOTO-2023-11-30-19-46-02_1,upload,2026-10-03T10:16:28Z,1024,1024,50463,brimas-media,,{},{}
PHOTO-2023-11-30-19-46-02,https://res.cloudinary.com/zjzxwgcq/image/upload/v1791022588/PHOTO-2023-11-30-19-46-02.jpg,[],image,jpg,,PHOTO-2023-11-30-19-46-02,9d479f1d0791b09d704128b820bbf07c,PHOTO-2023-11-30-19-46-02,upload,2026-10-03T10:16:28Z,1000,1000,49460,brimas-media,,{},{}
PHOTO-2023-11-30-19-46-01,https://res.cloudinary.com/zjzxwgcq/image/upload/v1791022588/PHOTO-2023-11-30-19-46-01.jpg,[],image,jpg,,PHOTO-2023-11-30-19-46-01,607fcd69ed10d4be0203554d22cd1d30,PHOTO-2023-11-30-19-46-01,upload,2026-10-03T10:16:28Z,1024,1024,61620,brimas-media,,{},{}
PHOTO-2023-11-30-19-46-00,https://res.cloudinary.com/zjzxwgcq/image/upload/v1791022587/PHOTO-2023-11-30-19-46-00.jpg,[],image,jpg,,PHOTO-2023-11-30-19-46-00,7ed510012b73da30ae1925e6c71912b1,PHOTO-2023-11-30-19-46-00,upload,2026-10-03T10:16:27Z,256,256,6880,brimas-media,,{},{}
PHOTO-2023-11-30-19-45-58,https://res.cloudinary.com/zjzxwgcq/image/upload/v1791022587/PHOTO-2023-11-30-19-45-58.jpg,[],image,jpg,,PHOTO-2023-11-30-19-45-58,0dd42f3e5871b2c373b55f352e81fe73,PHOTO-2023-11-30-19-45-58,upload,2026-10-03T10:16:27Z,1000,1000,52342,brimas-media,,{},{}
PHOTO-2023-11-30-19-45-57,https://res.cloudinary.com/zjzxwgcq/image/upload/v1791022587/PHOTO-2023-11-30-19-45-57.jpg,[],image,jpg,,PHOTO-2023-11-30-19-45-57,ce897e899d9556e3b505a2d0599811fe,PHOTO-2023-11-30-19-45-57,upload,2026-10-03T10:16:27Z,256,256,6291,brimas-media,,{},{}
PHOTO-2023-11-30-19-38-15_1,https://res.cloudinary.com/zjzxwgcq/image/upload/v1791022587/PHOTO-2023-11-30-19-38-15_1.jpg,[],image,jpg,,PHOTO-2023-11-30-19-38-15_1,413b53771f3d24c410890037e5a47cf3,PHOTO-2023-11-30-19-38-15_1,upload,2026-10-03T10:16:27Z,800,800,63355,brimas-media,,{},{}
PHOTO-2023-11-30-19-45-55,https://res.cloudinary.com/zjzxwgcq/image/upload/v1791022587/PHOTO-2023-11-30-19-45-55.jpg,[],image,jpg,,PHOTO-2023-11-30-19-45-55,50b46308ab86fb81718eb26e5073a109,PHOTO-2023-11-30-19-45-55,upload,2026-10-03T10:16:27Z,256,256,6607,brimas-media,,{},{}
PHOTO-2023-11-30-19-45-55_1,https://res.cloudinary.com/zjzxwgcq/image/upload/v1791022587/PHOTO-2023-11-30-19-45-55_1.jpg,[],image,jpg,,PHOTO-2023-11-30-19-45-55_1,66b806f71ec16d74251ea0c82027415b,PHOTO-2023-11-30-19-45-55_1,upload,2026-10-03T10:16:27Z,256,256,7566,brimas-media,,{},{}
PHOTO-2023-11-30-19-38-16,https://res.cloudinary.com/zjzxwgcq/image/upload/v1791022587/PHOTO-2023-11-30-19-38-16.jpg,[],image,jpg,,PHOTO-2023-11-30-19-38-16,89c9d0d4b4c31b770ab91e5b78975e13,PHOTO-2023-11-30-19-38-16,upload,2026-10-03T10:16:27Z,800,800,99916,brimas-media,,{},{}
PHOTO-2023-11-30-19-45-54,https://res.cloudinary.com/zjzxwgcq/image/upload/v1791022587/PHOTO-2023-11-30-19-45-54.jpg,[],image,jpg,,PHOTO-2023-11-30-19-45-54,4b7434f8a120a5f1d7ac69cdb08b82ab,PHOTO-2023-11-30-19-45-54,upload,2026-10-03T10:16:27Z,256,256,6203,brimas-media,,{},{}
PHOTO-2023-11-30-19-45-54_1,https://res.cloudinary.com/zjzxwgcq/image/upload/v1791022587/PHOTO-2023-11-30-19-45-54_1.jpg,[],image,jpg,,PHOTO-2023-11-30-19-45-54_1,87e2c450ebdbe973b1c672ab744d1db0,PHOTO-2023-11-30-19-45-54_1,upload,2026-10-03T10:16:27Z,256,256,6925,brimas-media,,{},{}
PHOTO-2023-11-28-16-55-15,https://res.cloudinary.com/zjzxwgcq/image/upload/v1791022586/PHOTO-2023-11-28-16-55-15.jpg,[],image,jpg,,PHOTO-2023-11-28-16-55-15,60b84997c984b613e0e27a79b5cefbb8,PHOTO-2023-11-28-16-55-15,upload,2026-10-03T10:16:26Z,900,1600,156592,brimas-media,,{},{}
PHOTO-2023-11-30-19-38-13_1,https://res.cloudinary.com/zjzxwgcq/image/upload/v1791022586/PHOTO-2023-11-30-19-38-13_1.jpg,[],image,jpg,,PHOTO-2023-11-30-19-38-13_1,2a7425436ada0e8d323acd6e58af936c,PHOTO-2023-11-30-19-38-13_1,upload,2026-10-03T10:16:26Z,800,800,74539,brimas-media,,{},{}
PHOTO-2023-11-30-19-38-15,https://res.cloudinary.com/zjzxwgcq/image/upload/v1791022586/PHOTO-2023-11-30-19-38-15.jpg,[],image,jpg,,PHOTO-2023-11-30-19-38-15,a990cb68bf7817634053c76ed6575c38,PHOTO-2023-11-30-19-38-15,upload,2026-10-03T10:16:26Z,1280,1280,65085,brimas-media,,{},{}
PHOTO-2023-11-30-19-38-14,https://res.cloudinary.com/zjzxwgcq/image/upload/v1791022586/PHOTO-2023-11-30-19-38-14.jpg,[],image,jpg,,PHOTO-2023-11-30-19-38-14,8df776126fe21d15c5e6f39a77d80936,PHOTO-2023-11-30-19-38-14,upload,2026-10-03T10:16:26Z,800,800,56711,brimas-media,,{},{}
PHOTO-2023-11-30-19-38-13,https://res.cloudinary.com/zjzxwgcq/image/upload/v1791022586/PHOTO-2023-11-30-19-38-13.jpg,[],image,jpg,,PHOTO-2023-11-30-19-38-13,cb9c4176057500344a89b7577a05a31f,PHOTO-2023-11-30-19-38-13,upload,2026-10-03T10:16:26Z,750,881,49812,brimas-media,,{},{}
PHOTO-2023-11-30-19-45-53_1,https://res.cloudinary.com/zjzxwgcq/image/upload/v1791022586/PHOTO-2023-11-30-19-45-53_1.jpg,[],image,jpg,,PHOTO-2023-11-30-19-45-53_1,6dc653c9f27452998846d081e36a9c69,PHOTO-2023-11-30-19-45-53_1,upload,2026-10-03T10:16:26Z,256,256,7122,brimas-media,,{},{}
PHOTO-2023-11-30-19-36-53,https://res.cloudinary.com/zjzxwgcq/image/upload/v1791022586/PHOTO-2023-11-30-19-36-53.jpg,[],image,jpg,,PHOTO-2023-11-30-19-36-53,2d70bf30175f14de07eadcbcc07e3028,PHOTO-2023-11-30-19-36-53,upload,2026-10-03T10:16:26Z,960,960,51988,brimas-media,,{},{}
PHOTO-2023-11-28-16-23-39,https://res.cloudinary.com/zjzxwgcq/image/upload/v1791022585/PHOTO-2023-11-28-16-23-39.jpg,[],image,jpg,,PHOTO-2023-11-28-16-23-39,a763b0375b567c4fa541e1df47dbe4f7,PHOTO-2023-11-28-16-23-39,upload,2026-10-03T10:16:25Z,800,800,40954,brimas-media,,{},{}
PHOTO-2023-11-28-16-23-39_1,https://res.cloudinary.com/zjzxwgcq/image/upload/v1791022585/PHOTO-2023-11-28-16-23-39_1.jpg,[],image,jpg,,PHOTO-2023-11-28-16-23-39_1,129ebcc8a65d7a189b9b87d6c8fcb192,PHOTO-2023-11-28-16-23-39_1,upload,2026-10-03T10:16:25Z,800,800,37566,brimas-media,,{},{}
PHOTO-2023-11-30-19-45-53,https://res.cloudinary.com/zjzxwgcq/image/upload/v1791022585/PHOTO-2023-11-30-19-45-53.jpg,[],image,jpg,,PHOTO-2023-11-30-19-45-53,850ce98a86d0b7dcd3401616541f8e86,PHOTO-2023-11-30-19-45-53,upload,2026-10-03T10:16:25Z,256,256,5947,brimas-media,,{},{}
PHOTO-2023-11-28-16-21-39,https://res.cloudinary.com/zjzxwgcq/image/upload/v1791021785/PHOTO-2023-11-28-16-21-39.jpg,[],image,jpg,,PHOTO-2023-11-28-16-21-39,3d8c6269940db0ab3833d181f8ce3f80,PHOTO-2023-11-28-16-21-39,upload,2026-10-03T10:03:05Z,1024,1024,45705,brimas-media,,{},{}
